credit card,website,image,bank,proc
Ink Business Premier(SM),chase.com,https://creditcards.chase.com/K-Marketplace/images/cardart/ink_business_premier_card.png,Cool Bank,Visa
Marriott Bonvoy Bountiful,marriott.com,https://creditcards.chase.com/K-Marketplace/images/cardart/marriott_bonvoy_bountiful_card.png,Super Bank,Visa
Marriott Bonvoy Bevy,marriott.com,"https://www.nerdwallet.com/cdn-cgi/image/width=108,quality=85/cdn/images/marketplace/credit_cards/eee1cd24-387f-11ed-a790-cbbf5fec123d/a124759bcea3deed60f2c8363b58136fed71199116ab2bdd7f740fcaf36ac8ea.jpg",Cool Bank,Visa
Wells Fargo Autograph,wellsfargo.com,https://creditcards.wellsfargo.com/W-Card-PaidDigital/v13-8/images/Products/Autograph/Autograph_card_art_D.png,Wells Fargo,Visa
SKYPASS Visa Select,skypassvisa.com,https://www.skypassvisa.com/credit/skypass/images/cardArt_select.png,Cool Bank,Visa
SKYPASS Visa Signature Business,skypassvisa.com,https://www.americanexpress.com/en-us/business/credit-cards/campaign/core/assets/card-art-business-platinum-1624478767.png,Super Bank,Visa
SKYPASS Visa Signature,skypassvisa.com,https://www.skypassvisa.com/credit/skypass/images/cardArt_signature.png,Awesome Bank,Visa
PayPal Business Cashback Mastercard,mastercard.us,"data:image/png;base64,iVBORw0KGgoAAAANSUhEUgAAARcAAAC0CAMAAACJ8pgSAAABU1BMVEUVIEWXttv////G1ut5qNfnIiP5nxvR0tTyZSIAEz56fo6cu+FIWnsNGD8ACTgAADPV1tsAIEZypNXN3e8AAC0AADYABSzBwcOQkJF1dHWJkaG7y+Gzs7T/pBilweLuIiG5uryZmZuOsNgAFkYAGkYAEkczPl6ArNgAADmmpqgIFj+zyuYhLFDb5fLp7/e3xtwADkfxXyKgo67M0NheXF2nts1AR2MAACJuepRraWqXpb2vIS6XZjI1IEHHISmMYDT3jh3zbSFFID92ITlnbH+VmKR1eIm3vMfi5epHUW1dZX3Axc+orrsUGjZTUFCBkauDgoJ4hZ4pMlJFREosLDg4NTdeaoWUITOjITCKITZdIDwhIEMkKEJlSjqwdSx3VDc5MkDYIibYjCPolh5SRD22ISy/fijrQiL2iB6tcyzuUSL1fB88IEBSIT5IOT/fkSB5k7d7Qx9hAAALmklEQVR4nO2d/VvTyBbH2wkCAZI2TQMI8taWAoUWLVIBUfcKSEtxQXYXX1dFXXe9d3Xv///TTdK3JE1OOi9l5pZ8f5Aanz4On+fMOXPOnJnEkKXkWD52c5WfqSKvYtYfh2mZ99i4Sk4/8+FS2lB5D4y7jItuLvmbbSwNyRUvlyOD95iEkFH2cFnlPSJBpLq51CNzaShRd3E5ipxuQ+qRi8tY5HUbksciLn6Sn0Vc/BRx8VfExV8RF38pE/GMqXk94uKSMjEet5SJFyMuDrW4mGT0iEtHHS7xTDHi0paDSzwecWnLySWjR1xactnLfMSlJReXOF8uspHAkGGocqFvYxGHi7I6Vk/2qq2t+nF5Zqx2YfLpy5CF4aJsdG9P9KLk6bONhKEwH44oXFQyLLaq5ZrBuKAmChd3fYwAzUyOaQlWFC4Ghbk0Vc4xtBlRuKyWqLkgNMbOzwjCRckzwILQVozV+AXhUjhhwgWVKozmkiBc1Bk2XBCqsQEjCBfjmBUXlGeyCBaES2KLGZdSloXzFYSLyiIcNbWVYDAgMbgoG+ywmOGagYsRg0uhxpILytGPSAwu7t1gapXpUwIxuKyeMuXCwGDE4MIwHNmaofYwgnChzxpdSlJPJDG45NhiQYh6REJwYZQ1OnRCu+gVgou8w5oLdT+cEFwMymJdt45pHYwYXNhljU1R5wJCcGEdjhCqDoa9sMYyGFzYh6PB4MKqiDloXEKKmKWiHqZiseQu4AyE34XD0XqqR63E1/UWHepzDiJwSSRBLEM9y6IzbndQntKei8HhIqcnW3re9WGS/PSfARQxSxhYWnDGi/QJNQaX5+eLU00t/tz8uHh/qv3s/DnhGKCsUcLmYqGJn9HuPPbO5flicqStqfuNn7udRyPJOw+IhgCGo3kSLkMpaZNyg61nLvK5A0sLzH3no5HkbaKppEJFzAwJlqEVSZJeULnenrmk77gY2GB23Y9G1tIkQ/CcJXSLCMtQxuSin9GAIeZigvFiGblDxAUqYuK7XUupeYkWDDmX5NqdJBsuQDgqknFZl2wwO+Q+hpzLyFrXEx8uhdXQyhm0p6YTcRmSmsoTR6W+clEKhcPQkqJSAbjgrOo6yrS4bBPPpH5yUfKHxgmqhqQqctdtCA7FSbA03Is9kyZI67w9c5lcm/JoyebifOKKR0bCqKOTdBLV4LGpUDhaIeIyK7UNhjR/7J3L+XRH9+2/TJlYFncdj8/b01lR1HI1fYi20mNhtVajDnAhmkYrbSySTnpjC8Y86kSf5PRU6y+LS47HnXmUryTqaCxdRRc5VArhAhQxicJ0ZxqZXF4QZm1k/sU2lSYXP/+yWkUbFZR8UEZjk0m0AUaFVcBcyMKR5BCp5+0PF3MJezRZRfIhOp08hiMSWMQkCkdxJxdJKHsxf9mtB3WUr6D6ZBkdQmMDs8ZxAizNRV3bwZAtYfrEZcOcRHVUqaCtySP0DOICFjFJwtGKy1z0S7JI3R8u5gSqPzAdSw0dh9kLWMSkNhczFyCbSH3yL0l0uIpKZpA+mqyjGmTKrLPGjOTmQhiQ+sNFPa2nZ9DxA2thV0JZaABZtlmjx1zMpJosd+ydy6LjuJi5fmlqasnxuLN+MQzTZC5iCBlmuIbWnGAnJkER0x2MLHvpM5fnu7c7sj/v7rY/th47JoySryVOUdl0L2DPBesipuTlctbveeS0F1trd7xPXHmjmQocVTdkBC/rwHCEXcT0zqLr9i+2wusM6qr5a8PpEdiJiY1l3IvlmuNRj1xMXZTh/99gGY4yXVgknbCjrN9cYiH5CZQ14oajlW4sxAk1RX33fIlBfZdhOPLDcs35kYVlenraCwafC8Mipj+Wzb7n02teLOYyZs0FJrmEvVYAi5g4WWPKH4u0R7gl0DOXws9JD5auqZT8BTt3BTsxMbLGlHc9RxmOMPan07dHHAvepar1o2paTFsju/hjYFTEdJbo3FzA3IwJl5j8a3ttu/tb69NvnWe/EkREJkXM1MpsABZJIt1Zw+l/UeS2lK4PMpHBMihipoaCjEWi2EDi2y9FH45AKuTuhTMX2iJmagWiYnK5IB0ZXy5U4Sg1FO9KE1lNI95coCImMI1SqaHMfBgUmmnEmQvUiWmHI592VDM9jPfAxNYG8cj4coFuNymmUpl5j9bX12clXe8NirnYJW8M4ssF6sScHerRKAKlV8ibMrlygYuYwYu1/psLXy5gJyattdB0S3HmAhYxaanoNObClwt4nJzaXKiGxpVLGsoaac3lkupX4RuPAHOh5KLv0Z1A4skFzBqLdFw2KX8RnlzAcNTz4s1Xs3CPVrh4cgEPBtCZC/XlWzy5JKAiJpW10L/0i6u99Ccc6ZsX9Fe18eQCFTHJueh7MoOL2jhyATsxycPRDotr2nhyAbNGwnCk7zF6zSJHLmDrCxmV7Rqry4k5cjHYZo26tFcZiPt3wSImNpTtnRjL2895ziPoOHnvRExPtH02EWN8XT4/LmAnJhiOdGl209b29t7Zi5O8aqjMX7DAjwt5ODrbMFRLhmH+lAvM3x1giR8XMGuEsFwyWaCEiB8X0nBEWVjpURy5kBUx9ZDjkozEjwt0nBwKR+R7iDjiGKcBcwHC0eb1vNmXGxfSIiZ5iwLe8HhxAa9oBsI04bkZXHHjQljEpGjdwBI3LoRFTOIGS0zxsxfCIiZxZxie+PkXwFwgLtf0onleXAQPR9y4yIcAFyAckfb7m9Kacj/NZZdNZXMet8WLC/g+NcDtkt5DoWl/H7x8+PDhq9dv3nbQZJff/b7//uvX9/sfPi673vfCiwvYiQlwITt+pj16ebXQ0q3HBw0y2diTT8NzLX3+9nG58w1uXMiKmETHz7RHD00aDi1cvda0XHZ/eG7Yobnhr+/aR725cSEM0wSrF+31LReVBpmnXz67qDTIPLnb/JKI/gXKGvHDkfZHFxVLf/7UhcUi87VpMdzWL2rwepdtOHrsj2X03l8+XIbnPjXe+cKvzrB6MhMgwL1gZ41aEJbR0Xs/+YOxLYbnPqzqKyMGcMG9zUV76Ivl1qgtfzDfrLAkwn3Nbim14HmE28GtvfHHcq/B5V9+XIbnfs+JyKWwA/gXzHCkXfli+bOBJcDFDH8Wkot6FoxlFi8caa+hWWTJ32CeZAXkYmwHc8HMGkPMJdhghOSyGcwFLxyFeBfAw3zJicdFDsaCWcTUXoVNo9F7/ly+ZYXjouSBcIRXxAydRoET6dOycFwKl0A4wttTe+uL5da/HVxG/+PLZVgriMZFfhHMBTM7+jvUvQQ6mI/CcVHPArngupfv5Fx+yKJxCfYvOmbS2EM4Cg5IwnGJyRObs37axr3dXXs6SPZi5ZOyn1TsoT3y59KL330nnH9hKeJ49FnAdR07aY99ubjWL76lBhHXLwylvQxd7wYkjvvirXdZKtzxBi1flIHmEjqRAqeRgPk0Q4WuYIILdgPNJcxggirfyyLW65gKXsIELF4+KgPPRTsAZlLALPpgbZQMOBcwVvtj2be3YgedS2DR7l7A7lEDy+BzCdgUWLj6x3d/urVxP/hczLy6ay92YeGVpr3v7mf49KPV6OHhAt7d/v8qTTu4cjbALCz88VSLxZa/fJ1zoJmb++dDNtf6TuHSxaV+LYdYrl2a9v3VVbtd6uWjRr9Ubvnjfqthavjz+y/Luc431P+6uKABnEe2NE17+/3g4ODN05ij81DJ3o39+GDqy7u7TiqmnFhMLuXBNBhbPt2YppScJc9DdcfDBdUG0cPgqpB3YbG4oMo1dQ4LLDkfj3dxQWNp9XrOJgiqQuIy7scFVY/yRsKUfz/ToOviMjPuz6XVLprx/vNN0Ph4F5WIS5AiLv6KuPgr4uIv95nmiEtLbi7zvIcjitbdXPTIYGxlip67AXgPSBQhD5fI81rKlLxcUDECY84i1MUFlcZvOJnMvHUdi8/dI8XZGxyW5meLNoT/AeSZECtlfAt9AAAAAElFTkSuQmCC",Awesome Bank,Mastercard
Ramp Corporate,ramp.com,"data:image/jpeg;base64,/9j/4AAQSkZJRgABAQAAAQABAAD/2wCEAAkGBxISEBUSEhIVFRUVFRUVFRUVFRYVFhUWFRUWFxcXFxUYHSggGBolGxUVITEhJSkrLi4uFx8zODMsNygtLisBCgoKBQUFDgUFDisZExkrKysrKysrKysrKysrKysrKysrKysrKysrKysrKysrKysrKysrKysrKysrKysrKysrK//AABEIALIBGwMBIgACEQEDEQH/xAAcAAACAgMBAQAAAAAAAAAAAAAAAQIDBAUHBgj/xABCEAABAgMDCAcHAQYHAQEAAAABAAIDEfAhMVEEEkFhgZHR4QUTUnGSobEGFCIyU8HxBxU0QnOTshYzVGKCosLSI//EABQBAQAAAAAAAAAAAAAAAAAAAAD/xAAUEQEAAAAAAAAAAAAAAAAAAAAA/9oADAMBAAIRAxEAPwDtmUR82VkybAPucBr5Krrj+OaMoHxbPv5XKutXNBZ1pxPlwR1px9OCrrmUkFvXHE+XBHWnH04KquARXFBb1pxPlwR1xx9OCqreityC3rTj6cEdaccMOCqriidd9yCzrjifLggxjjjhwVc67kV9ygt644ny4JdcccMOCqreif34ILeuOPpj3I64444cFVOu4I5cUFvXHE+XBPrTj6cFTW8on9+CC3rjjhhwR1xx9Me5VTruCBw4oLeuOJ04cE+tOJ8sO5UzrvKZP34ILRFOJ0YcEdccfTHuVU67ggcEFvWnHHDgjrTidOHBVDh6on9/MoLetOJ8sO5AinE6MNOxajpTpOLAa55yfPYJkubEFgumWlsx5qXQXTDcpYXNaWlpALTbKyy1BtetOJ8se5PrTidOHBeeyn2la3KPd2wi92c1kw4AZxlMSloJ8in/AIjacq92EMk5+ZnZwliTKWi3cg9B1hxPlh3JiIcT5cF5vpb2shQnljWmI5pIdIgNBulO2ZCv6C9oRlLyzqy0tbnG2YlYPug3oiHE6MOCBEOPpwWh6a9o2ZM8QywvdmhxkQAMNpWx6Ly0R4TYgEg7ROcviIv2INkx81NY8O+sVkIMXKfm2D7qqtfJWZSfi2DT3qqsAg02XdPFkV0JsFz3CQaA6xxLQ4zssABvtUj0vFLxDZkry4Ma983BrWlwnIOl8RF2hV5FCI6QjOLTIsEjKw2QrvNa/LCREi+8ujvm4iDBhZ4YW25oOZKcxm2k6Sg2uW9OshwmRQ0uDnZpkfl+EvJnpsCienHNHx5O5rnS6uHnAufnGTQRL4dd8pLz7Mmf7nBaWOmMpm4ZpsHVXywnYt70nDJy/J3ZpkGvmZTAJzrzigyB0sRDiOfDzXw2lxZnTuEz8UtY0aQsfJunXv8AibkzurBk95cAAQZENs+IDGzT3rA6QY7rctJBAMAyMjIyZDuOzySPS3V5GITYLy9zHNhybNpzpjOnplO6U7EHqYcQOAIuNHgpTr0Wv6DgvZk7GxPnkS4YZxJl32rX9N9J5W1xhQIAmborjni3S1jReNdyCj2r6YLIsGDBtiZ2cRhMFjAe8uJl/tGK9NXFeD6JybqMoMSNDixos5l0hIONky42Ey0CYGM7vbwIwe0OE7cRIg6UFs69EVuSnXoityB19yidd6Vb0p15BBKddyK3WpVuRW+9A63oJrySnXkEVuQOddwRy4pV9yidd6B1vKZ48Ep13WIFbEDrcEDhxSHDztTnXegjHhB7HMNzmlp/5TBXhfZHL/d/eQ/+BmdLFzCWy3uAXva3WLm3tT0dFblcXMhvLXyfNrHEWyJEwO0Cg2PsRk5fGiZS+0Qw4zxe4EuOwE+IKHsY3rctMU6A+Ie95l/6O5bkZG7JujHMa0mI6H8QaCXZ8WQNgtsBl3NWu9k4MWDk2URRCd1ljWMLSCS0TsabSPj8kGLFyeLkOU9a6Hnsmc1xtBDjZb/C9ew6N6WhRoZjCzNBz53tF5nqsXl8t9pcpiQ3QfdSC8Fp+F5sIkZNIvWM3II8DJHgw35+UFrcxrS4thsmSXSuJLgJHRNBHJMndlkXKIpFzHxAMDKUNuwD/qt/7B5ROA5nZfPY4cQVqui/ZeO+GHiN1WdewhwN5AnI7dqyPY+BEg5RFhva4AggOLSGktNhButE0HtId42LJWNDvHeVkoMTKfm2D7qmsfNXZV82waO9UmvwEBOuJROuASNfhFa+SBzqtKU6rSlOuCKrWgqy2AIkN8MmQc0tnfIEeqWQZN1UNsMGebMTunMky81dVa0VWtA65pVs5orklXPuQOda0VsSrZzROvQIHW1FbAlOvUonXoEDriideiVcUVtQOt16K3pVsCK2m9A516IrdelOvRFcUDrenOvIKNbTyTnXdcgdblVlUVzWOc1peQLGgymTrVlfcqMRpIImWk6RKYJwmCEGIek2gAvLbW53wFz5l0QQ2tb8ImSSBjOySn+1IU5Td/FP4XWCGc1xNlgBIVX7LaBMEudaQ5xtJ6zPzpgWHOukJDBQyTogCGWxHFznCI1xB0PfnnRfdb5IMqP0ixkwc4luaCALSC4CYneJkKTukIYBJcRIvBsN7RnOsloCo/ZMObjb8c7LLC54eSLJk5wBtnhdYpxejmOJJLrQ+YmAJvbmOddeRsQWwukYbnAAmZkbWuHzCbQZiwkWy1jFVDpMCI9hFjCRMEkybDDy4iVgtlferhkbQ8PF4vsac7NEgSSJjYQq3dHMLi4lxDnFxbP4S5zMwmQEz8IlKckFxy5k82ZJm0SAJ+Zufh2VW3pJk5EyPx3BxADXlhJMhK0eelQHRwzXDPf8RaSZtnJtjR8tgkBaLbL52qTujYZDhbJweDboc/PP/YoJnpKH8XxfKSLjaQ4MIGMnEBXQspa5xaJzbKcwRKycpnTaqRkTQXZpLc7AMsJM3EEtJ2GYtuTgZGGlpznHNZmAEiUjK26ZNmk4ykgzIV4rWspYsK8LKQYeV/NsH3VNYK7K/m2DT3qmrvuUCFflFauaKxRWJ5ICtfJKvwiqOlFa+QQFVrRVa0q/CKrWgdcu9KuSK7uaK5ICq1IrYiuSK59yArgEVxKSK4BA516BFcSlXEorZoQOuARXFFbUq2IJVwRWwJVtRXBA62lE69Eq4p1wQOVeqK3pVxTFd5QOtyK+5SrYLk64oHW+5Fbkq33J1sCB19yit6VcU516IHOu6wIFbL0q3J1xQOt6J15BKdd6dbkE4V4q5ZaxIV4WWgw8r+bYNMsVRWkq/K/m2DDWqTVvBAjWjySrDyTrDzKVUSgK/ASr8lOqOlKvwEBVYBFfhFfkoqsAgKrWlVa0V+EV+EBXJFcu5FckVyQFc+5Fc0VWpFc0BXAIRXNFcAgK2c0Vt5IrbyRWzmgK2J1tRXAIriUBWxOtqVcAnXEoCtidbdKVcAnXFAVwTriituhFbEBW+5OtgRKtZTrggUq9U64IlXqnXBAVuRW+9FbkSrvQFfYJitiK4IrcgnCvCy1iwrxV6ykGHlfzbBonpKprQFdlfzbBjrVMqlxQKsUjWnyTNW/YIrBAq18kV+SisAg1+ECr8DSivynWvklVYoCqwCK5BFflFVgEBXIIrkEVyCK5BAVyRVakVyCK5ICuaVc+9Oq1IrmgK5IrbyRVa0VyQFbEVwCdbeARXNAVxKK4BOuARXEoCuJRXBFbE628kBXFOuASrZzUhXeg0/T3tHAySQiFznuE2w2AF5E5FxmQGtnZMnRZNaUfqFDN2TRfFD2fxLyXtY9zukMpN8nhomTY1sNoAAw095K1rXOAPy3azdqCDoDv1AhgTOTxQBec6HjqKs/x03/SxfFC/wDpeKyXIQ4fG8uxFrR3ZovHfNZb+j3ATY+drRmv+IfEQJz+aduKD1P+PoenJo0tRhEyGrOC9L0X0jCyiEIsJ2c0zF0iDpDgbQRguU5RAeDc2/8A3L0f6a5zY+UMJGa5kJ8hdnBz2l2MyJD/AIjBB76uCK3JorYEE4V4q9ZSxYV4WUgw8q+bYNMsVTWkq7Kvm2DDEqk1bwQKsEVRKcqlxSNaUBWPmlVFOreCJVyQKtXNFa+Sda+SKrFAq1c0V+U6/GCKrFAhVaAivwnX5RVYBAq5BFcgnX41IrkECqtSKrUnXIIqtSBVzRVa06rUiuaBSr7J1WpFVrTrkgVc064BFVqTFcUCTrZzRXJOtqBVt5Jiu5FbOaYrgg477VT9/wAplL/M135jVpiXWzLbteC3PtTne/5TKR//AE0n/a3ctQ9j7RIW6ZnTOeipoN1kNongBNbHPMmylPPbfOXzatclqsifZes4xDJoEvnbfdYc7/ygsy6FEziZtvErDtlatz+nod7xGzpf5MO4EfxvxK0eURIhNzL8Tat7+n4d7xGzpf5MOUp9t2KD3KK4IrihBOFeK71lLFhXhZSDDykfFsGiekqqtAVuU/NsHqVXKpII1pKKwUqv4JSrmUCrBEqu805VeiVXoFWrmiVcApVRSlWjegUq4lFfgKUq4BEq4lBGVVeUSripSrgESqrygjKseARValKVcUSqrggjVakVWpSlVXBEqrQgjVak659ycqrQiVVoQKuaJVWlOVfdEq+6BSr7JgVWhOVVpRKvsgVc0VyUpVWhEq+6BSrWgJyr7JoOPe2IfDy+PYJue0gHBzGkHusO4rVRBEIlICekG3YuwdO+zsDK5GIC17QQ2I2QeAbwZghwnoK0Y/T5n+pi+CHwQeAhhzGzmDLZNZb2vcBJ4BBBEhLEWkkzXtHfp7DIkcpi+CHwVg9gmf6mL4IezQg8XEjxew2/HmvT/pwXOjR3m1vVwmhwumXRHS7wJbws5vsGyduUxSJ3BsMecl6PovoyFk0IQoLc1omTpLib3OOlxxQZdcEVxRW1FbEEoV4ruWUsaHeKtWSg12X5VDY+T4jGzaJZzw2dpxNqx/2jA+tC/qN4rwX6wfvMH+Uf7yvAyQd8/aEH60P+owfdH7Qg/Whf1Gn7rggCkAg717/B+tD/AKjfQFP36D9WH42+k1wdoU2hB3X36D9WH42+k0e+wvqw/G3iuHBqmAg7eMshfVh+NvmZo98hfVh+NvpNcTAUgEHavfIX1WeNvFHvcL6sPxt8rVxcBMNQdo97hfUh+NvG1HvUP6jPG3ztXGc0JgIOy+9Q/qM8beNyfvUP6jPG3jcuNhqckHY/eYf1GeJvG5HvMP6jPE3jcuOZqeaEHYveYf1GeJvG5P3iH9RnibvvXHM0IzQg7H7xD7bPEN96fXs7bfEON646GjBMNGCDsPXs7bfEN16fXs7bfEKkuPho1IzRgg7B17O23xDfejrmdtviG5cgzQjNCDsHXM7bfEEdcztt8Q3rjpaFW4DBB2frmdpviG5HXM7bfEFxRzRgqntGAQdw69nbb4hcjrmdtviF64S5owCqcwYBB3rrmdtviCOuZ2m+ILgRYMAo5gwG5B9BQorSQA5p7iFmLhHsg0e/5NYP81q7ug5T+sH7zB/lH+8rwK99+sH7zB/lH+8rwKBhTCgFMIJhTaoBTagsCmFEKQQTCkFEKQQSCkFEKQQNSCipBAwmkE0AmEIQNEkJoBSCSYQMJoQgEIQgRVTlYVByCpyqcrXKpyCpyqcrHKtyCtygplQQbf2R/f8AJv5rPVd3XCPZL9/yb+cz1Xd0HKf1g/eYP8o/3leBXZf1E9mX5XCY+CAYsKcm3Z7HXga5gEbVyKPkUVji18N7SLwWuBHkgoCmExBd2XbipCC7su3FABWNSEF3ZduKsEJ3ZduKAarAk2E7su3FTEJ3ZduKACkExDd2TuKkITuydxQIKQTEF3ZduKYhO7J3FAgpBAhO7J3FSEJ3ZO4oAIUhDd2TuKfVO7J3FBEIU+qd2TuKOqd2TuKCKYUuqd2TuKOrd2TuKBJhPq3dk7imIbuydxQCFIQ3dk7ijqndk7igihT6t3ZO4o6t3ZO4oKnKtyudCd2TuKg6E7sncUGO5VOWQ6E7sncVU6E7sncUGO5VOWQ6E7su3FUugu7LtxQUlRKtMF3ZduKiILuw7cUGz9kf3/Jv5zPVd4XMf089k4ojNyqOwsayZhtdY5ziJBxbeAASbdMl05AIQhAIQhAIQhAIQhAIQhAIQhAIQhAIQhAIQhAIQhAIQhAIQhAIQhAIQhAIQhAIQhAIQhAIQhB//9k=",Awesome Bank,Mastercard
Dime Platinum,helpmebuildcredit.com,https://creditcards.chase.com/K-Marketplace/images/cardart/ink_cash_card.png,Awesome Bank,Visa
Union Bank,unionbank.com,https://assets.unionbank.com/assets/styles/small/public/creditcard/personal/credit-cards/union-bank-signature-visa-bank-freely-rewards-card-drk.png?itok=OqHPrZGQ,Union Bank,Visa
Lowe,lowes.com,https://creditcards.chase.com/K-Marketplace/images/cardart/ink_unlimited_card.png,Cool Bank,Visa
AtoB,atob.com,https://icm.aexp-static.com/Internet/Acquisition/US_en/AppContent/OneSite/category/cardarts/hilton-honors-surpass.png,Nice Bank,Visa
Synchrony Premier World Mastercard,mastercard.us,https://www.americanexpress.com/en-us/business/credit-cards/campaign/core/assets/card-art-business-platinum-1624478767.png,Super Bank,Visa
Bilt Mastercard,mastercard.us,https://cards.barclaycardus.com/content/dam/bcuspublic/card-plastic/card-angled/AA_card_Red_WE_Angle_359x246.png,Super Bank,Visa
IHG Rewards Premier Business card,chase.com,https://creditcards.chase.com/K-Marketplace/images/cardart/ink_cash_card.png,Nice Bank,Visa
GM Business,marcus.com,https://creditcards.chase.com/K-Marketplace/images/cardart/ink_cash_card.png,Super Bank,Mastercard
My GM Rewards,experience.gm.com,https://cards.barclaycardus.com/content/dam/bcuspublic/card-plastic/card-angled/LFT_card_rCMY_Lufthansa_359x246_angled_L.png,Nice Bank,Mastercard
Bank Of America Premium Rewards Elite,bankofamerica.com,https://www.bankofamerica.com/content/images/ContextualSiteGraphics/CreditCardArt/en_US/Approved_PCM/8ckn_cshsigcm_v_250x158.png,Bank of America,Visa
M&T Business,www3.mtb.com,https://creditcards.chase.com/K-Marketplace/images/cardart/ink_unlimited_card.png,Cooler Bank,Visa
Nearside Business Debit,nearside.com,https://cards.barclaycardus.com/content/dam/bcuspublic/card-plastic/card-angled/LFT_card_rCMY_Lufthansa_359x246_angled_L.png,Cool Bank,Mastercard
Divvy Business,getdivvy.com,https://creditcards.chase.com/K-Marketplace/images/cardart/ink_cash_card.png,Cool Bank,Mastercard
Aeroplan,aircanada.com,https://www.alaskaair.com/content/credit-card/visa-signature,Cool Bank,Mastercard
Priceline VIP Rewards Visa,pricelinevisa.com,"data:image/png;base64,iVBORw0KGgoAAAANSUhEUgAAARcAAAC0CAMAAACJ8pgSAAABU1BMVEUVIEWXttv////G1ut5qNfnIiP5nxvR0tTyZSIAEz56fo6cu+FIWnsNGD8ACTgAADPV1tsAIEZypNXN3e8AAC0AADYABSzBwcOQkJF1dHWJkaG7y+Gzs7T/pBilweLuIiG5uryZmZuOsNgAFkYAGkYAEkczPl6ArNgAADmmpqgIFj+zyuYhLFDb5fLp7/e3xtwADkfxXyKgo67M0NheXF2nts1AR2MAACJuepRraWqXpb2vIS6XZjI1IEHHISmMYDT3jh3zbSFFID92ITlnbH+VmKR1eIm3vMfi5epHUW1dZX3Axc+orrsUGjZTUFCBkauDgoJ4hZ4pMlJFREosLDg4NTdeaoWUITOjITCKITZdIDwhIEMkKEJlSjqwdSx3VDc5MkDYIibYjCPolh5SRD22ISy/fijrQiL2iB6tcyzuUSL1fB88IEBSIT5IOT/fkSB5k7d7Qx9hAAALmklEQVR4nO2d/VvTyBbH2wkCAZI2TQMI8taWAoUWLVIBUfcKSEtxQXYXX1dFXXe9d3Xv///TTdK3JE1OOi9l5pZ8f5Aanz4On+fMOXPOnJnEkKXkWD52c5WfqSKvYtYfh2mZ99i4Sk4/8+FS2lB5D4y7jItuLvmbbSwNyRUvlyOD95iEkFH2cFnlPSJBpLq51CNzaShRd3E5ipxuQ+qRi8tY5HUbksciLn6Sn0Vc/BRx8VfExV8RF38pE/GMqXk94uKSMjEet5SJFyMuDrW4mGT0iEtHHS7xTDHi0paDSzwecWnLySWjR1xactnLfMSlJReXOF8uspHAkGGocqFvYxGHi7I6Vk/2qq2t+nF5Zqx2YfLpy5CF4aJsdG9P9KLk6bONhKEwH44oXFQyLLaq5ZrBuKAmChd3fYwAzUyOaQlWFC4Ghbk0Vc4xtBlRuKyWqLkgNMbOzwjCRckzwILQVozV+AXhUjhhwgWVKozmkiBc1Bk2XBCqsQEjCBfjmBUXlGeyCBaES2KLGZdSloXzFYSLyiIcNbWVYDAgMbgoG+ywmOGagYsRg0uhxpILytGPSAwu7t1gapXpUwIxuKyeMuXCwGDE4MIwHNmaofYwgnChzxpdSlJPJDG45NhiQYh6REJwYZQ1OnRCu+gVgou8w5oLdT+cEFwMymJdt45pHYwYXNhljU1R5wJCcGEdjhCqDoa9sMYyGFzYh6PB4MKqiDloXEKKmKWiHqZiseQu4AyE34XD0XqqR63E1/UWHepzDiJwSSRBLEM9y6IzbndQntKei8HhIqcnW3re9WGS/PSfARQxSxhYWnDGi/QJNQaX5+eLU00t/tz8uHh/qv3s/DnhGKCsUcLmYqGJn9HuPPbO5flicqStqfuNn7udRyPJOw+IhgCGo3kSLkMpaZNyg61nLvK5A0sLzH3no5HkbaKppEJFzAwJlqEVSZJeULnenrmk77gY2GB23Y9G1tIkQ/CcJXSLCMtQxuSin9GAIeZigvFiGblDxAUqYuK7XUupeYkWDDmX5NqdJBsuQDgqknFZl2wwO+Q+hpzLyFrXEx8uhdXQyhm0p6YTcRmSmsoTR6W+clEKhcPQkqJSAbjgrOo6yrS4bBPPpH5yUfKHxgmqhqQqctdtCA7FSbA03Is9kyZI67w9c5lcm/JoyebifOKKR0bCqKOTdBLV4LGpUDhaIeIyK7UNhjR/7J3L+XRH9+2/TJlYFncdj8/b01lR1HI1fYi20mNhtVajDnAhmkYrbSySTnpjC8Y86kSf5PRU6y+LS47HnXmUryTqaCxdRRc5VArhAhQxicJ0ZxqZXF4QZm1k/sU2lSYXP/+yWkUbFZR8UEZjk0m0AUaFVcBcyMKR5BCp5+0PF3MJezRZRfIhOp08hiMSWMQkCkdxJxdJKHsxf9mtB3WUr6D6ZBkdQmMDs8ZxAizNRV3bwZAtYfrEZcOcRHVUqaCtySP0DOICFjFJwtGKy1z0S7JI3R8u5gSqPzAdSw0dh9kLWMSkNhczFyCbSH3yL0l0uIpKZpA+mqyjGmTKrLPGjOTmQhiQ+sNFPa2nZ9DxA2thV0JZaABZtlmjx1zMpJosd+ydy6LjuJi5fmlqasnxuLN+MQzTZC5iCBlmuIbWnGAnJkER0x2MLHvpM5fnu7c7sj/v7rY/th47JoySryVOUdl0L2DPBesipuTlctbveeS0F1trd7xPXHmjmQocVTdkBC/rwHCEXcT0zqLr9i+2wusM6qr5a8PpEdiJiY1l3IvlmuNRj1xMXZTh/99gGY4yXVgknbCjrN9cYiH5CZQ14oajlW4sxAk1RX33fIlBfZdhOPLDcs35kYVlenraCwafC8Mipj+Wzb7n02teLOYyZs0FJrmEvVYAi5g4WWPKH4u0R7gl0DOXws9JD5auqZT8BTt3BTsxMbLGlHc9RxmOMPan07dHHAvepar1o2paTFsju/hjYFTEdJbo3FzA3IwJl5j8a3ttu/tb69NvnWe/EkREJkXM1MpsABZJIt1Zw+l/UeS2lK4PMpHBMihipoaCjEWi2EDi2y9FH45AKuTuhTMX2iJmagWiYnK5IB0ZXy5U4Sg1FO9KE1lNI95coCImMI1SqaHMfBgUmmnEmQvUiWmHI592VDM9jPfAxNYG8cj4coFuNymmUpl5j9bX12clXe8NirnYJW8M4ssF6sScHerRKAKlV8ibMrlygYuYwYu1/psLXy5gJyattdB0S3HmAhYxaanoNObClwt4nJzaXKiGxpVLGsoaac3lkupX4RuPAHOh5KLv0Z1A4skFzBqLdFw2KX8RnlzAcNTz4s1Xs3CPVrh4cgEPBtCZC/XlWzy5JKAiJpW10L/0i6u99Ccc6ZsX9Fe18eQCFTHJueh7MoOL2jhyATsxycPRDotr2nhyAbNGwnCk7zF6zSJHLmDrCxmV7Rqry4k5cjHYZo26tFcZiPt3wSImNpTtnRjL2895ziPoOHnvRExPtH02EWN8XT4/LmAnJhiOdGl209b29t7Zi5O8aqjMX7DAjwt5ODrbMFRLhmH+lAvM3x1giR8XMGuEsFwyWaCEiB8X0nBEWVjpURy5kBUx9ZDjkozEjwt0nBwKR+R7iDjiGKcBcwHC0eb1vNmXGxfSIiZ5iwLe8HhxAa9oBsI04bkZXHHjQljEpGjdwBI3LoRFTOIGS0zxsxfCIiZxZxie+PkXwFwgLtf0onleXAQPR9y4yIcAFyAckfb7m9Kacj/NZZdNZXMet8WLC/g+NcDtkt5DoWl/H7x8+PDhq9dv3nbQZJff/b7//uvX9/sfPi673vfCiwvYiQlwITt+pj16ebXQ0q3HBw0y2diTT8NzLX3+9nG58w1uXMiKmETHz7RHD00aDi1cvda0XHZ/eG7Yobnhr+/aR725cSEM0wSrF+31LReVBpmnXz67qDTIPLnb/JKI/gXKGvHDkfZHFxVLf/7UhcUi87VpMdzWL2rwepdtOHrsj2X03l8+XIbnPjXe+cKvzrB6MhMgwL1gZ41aEJbR0Xs/+YOxLYbnPqzqKyMGcMG9zUV76Ivl1qgtfzDfrLAkwn3Nbim14HmE28GtvfHHcq/B5V9+XIbnfs+JyKWwA/gXzHCkXfli+bOBJcDFDH8Wkot6FoxlFi8caa+hWWTJ32CeZAXkYmwHc8HMGkPMJdhghOSyGcwFLxyFeBfAw3zJicdFDsaCWcTUXoVNo9F7/ly+ZYXjouSBcIRXxAydRoET6dOycFwKl0A4wttTe+uL5da/HVxG/+PLZVgriMZFfhHMBTM7+jvUvQQ6mI/CcVHPArngupfv5Fx+yKJxCfYvOmbS2EM4Cg5IwnGJyRObs37axr3dXXs6SPZi5ZOyn1TsoT3y59KL330nnH9hKeJ49FnAdR07aY99ubjWL76lBhHXLwylvQxd7wYkjvvirXdZKtzxBi1flIHmEjqRAqeRgPk0Q4WuYIILdgPNJcxggirfyyLW65gKXsIELF4+KgPPRTsAZlLALPpgbZQMOBcwVvtj2be3YgedS2DR7l7A7lEDy+BzCdgUWLj6x3d/urVxP/hczLy6ay92YeGVpr3v7mf49KPV6OHhAt7d/v8qTTu4cjbALCz88VSLxZa/fJ1zoJmb++dDNtf6TuHSxaV+LYdYrl2a9v3VVbtd6uWjRr9Ubvnjfqthavjz+y/Luc431P+6uKABnEe2NE17+/3g4ODN05ij81DJ3o39+GDqy7u7TiqmnFhMLuXBNBhbPt2YppScJc9DdcfDBdUG0cPgqpB3YbG4oMo1dQ4LLDkfj3dxQWNp9XrOJgiqQuIy7scFVY/yRsKUfz/ToOviMjPuz6XVLprx/vNN0Ph4F5WIS5AiLv6KuPgr4uIv95nmiEtLbi7zvIcjitbdXPTIYGxlip67AXgPSBQhD5fI81rKlLxcUDECY84i1MUFlcZvOJnMvHUdi8/dI8XZGxyW5meLNoT/AeSZECtlfAt9AAAAAElFTkSuQmCC",Cool Bank,Mastercard
Capital One Venture X Rewards,capitalone.com,https://ecm.capitalone.com/WCM/card/products/venture-card-art.png,Capital One,Mastercard
Quicksilver Secured Rewards from Capital One,capitalone.com,"data:image/png;base64,iVBORw0KGgoAAAANSUhEUgAAARcAAAC0CAMAAACJ8pgSAAABU1BMVEUVIEWXttv////G1ut5qNfnIiP5nxvR0tTyZSIAEz56fo6cu+FIWnsNGD8ACTgAADPV1tsAIEZypNXN3e8AAC0AADYABSzBwcOQkJF1dHWJkaG7y+Gzs7T/pBilweLuIiG5uryZmZuOsNgAFkYAGkYAEkczPl6ArNgAADmmpqgIFj+zyuYhLFDb5fLp7/e3xtwADkfxXyKgo67M0NheXF2nts1AR2MAACJuepRraWqXpb2vIS6XZjI1IEHHISmMYDT3jh3zbSFFID92ITlnbH+VmKR1eIm3vMfi5epHUW1dZX3Axc+orrsUGjZTUFCBkauDgoJ4hZ4pMlJFREosLDg4NTdeaoWUITOjITCKITZdIDwhIEMkKEJlSjqwdSx3VDc5MkDYIibYjCPolh5SRD22ISy/fijrQiL2iB6tcyzuUSL1fB88IEBSIT5IOT/fkSB5k7d7Qx9hAAALmklEQVR4nO2d/VvTyBbH2wkCAZI2TQMI8taWAoUWLVIBUfcKSEtxQXYXX1dFXXe9d3Xv///TTdK3JE1OOi9l5pZ8f5Aanz4On+fMOXPOnJnEkKXkWD52c5WfqSKvYtYfh2mZ99i4Sk4/8+FS2lB5D4y7jItuLvmbbSwNyRUvlyOD95iEkFH2cFnlPSJBpLq51CNzaShRd3E5ipxuQ+qRi8tY5HUbksciLn6Sn0Vc/BRx8VfExV8RF38pE/GMqXk94uKSMjEet5SJFyMuDrW4mGT0iEtHHS7xTDHi0paDSzwecWnLySWjR1xactnLfMSlJReXOF8uspHAkGGocqFvYxGHi7I6Vk/2qq2t+nF5Zqx2YfLpy5CF4aJsdG9P9KLk6bONhKEwH44oXFQyLLaq5ZrBuKAmChd3fYwAzUyOaQlWFC4Ghbk0Vc4xtBlRuKyWqLkgNMbOzwjCRckzwILQVozV+AXhUjhhwgWVKozmkiBc1Bk2XBCqsQEjCBfjmBUXlGeyCBaES2KLGZdSloXzFYSLyiIcNbWVYDAgMbgoG+ywmOGagYsRg0uhxpILytGPSAwu7t1gapXpUwIxuKyeMuXCwGDE4MIwHNmaofYwgnChzxpdSlJPJDG45NhiQYh6REJwYZQ1OnRCu+gVgou8w5oLdT+cEFwMymJdt45pHYwYXNhljU1R5wJCcGEdjhCqDoa9sMYyGFzYh6PB4MKqiDloXEKKmKWiHqZiseQu4AyE34XD0XqqR63E1/UWHepzDiJwSSRBLEM9y6IzbndQntKei8HhIqcnW3re9WGS/PSfARQxSxhYWnDGi/QJNQaX5+eLU00t/tz8uHh/qv3s/DnhGKCsUcLmYqGJn9HuPPbO5flicqStqfuNn7udRyPJOw+IhgCGo3kSLkMpaZNyg61nLvK5A0sLzH3no5HkbaKppEJFzAwJlqEVSZJeULnenrmk77gY2GB23Y9G1tIkQ/CcJXSLCMtQxuSin9GAIeZigvFiGblDxAUqYuK7XUupeYkWDDmX5NqdJBsuQDgqknFZl2wwO+Q+hpzLyFrXEx8uhdXQyhm0p6YTcRmSmsoTR6W+clEKhcPQkqJSAbjgrOo6yrS4bBPPpH5yUfKHxgmqhqQqctdtCA7FSbA03Is9kyZI67w9c5lcm/JoyebifOKKR0bCqKOTdBLV4LGpUDhaIeIyK7UNhjR/7J3L+XRH9+2/TJlYFncdj8/b01lR1HI1fYi20mNhtVajDnAhmkYrbSySTnpjC8Y86kSf5PRU6y+LS47HnXmUryTqaCxdRRc5VArhAhQxicJ0ZxqZXF4QZm1k/sU2lSYXP/+yWkUbFZR8UEZjk0m0AUaFVcBcyMKR5BCp5+0PF3MJezRZRfIhOp08hiMSWMQkCkdxJxdJKHsxf9mtB3WUr6D6ZBkdQmMDs8ZxAizNRV3bwZAtYfrEZcOcRHVUqaCtySP0DOICFjFJwtGKy1z0S7JI3R8u5gSqPzAdSw0dh9kLWMSkNhczFyCbSH3yL0l0uIpKZpA+mqyjGmTKrLPGjOTmQhiQ+sNFPa2nZ9DxA2thV0JZaABZtlmjx1zMpJosd+ydy6LjuJi5fmlqasnxuLN+MQzTZC5iCBlmuIbWnGAnJkER0x2MLHvpM5fnu7c7sj/v7rY/th47JoySryVOUdl0L2DPBesipuTlctbveeS0F1trd7xPXHmjmQocVTdkBC/rwHCEXcT0zqLr9i+2wusM6qr5a8PpEdiJiY1l3IvlmuNRj1xMXZTh/99gGY4yXVgknbCjrN9cYiH5CZQ14oajlW4sxAk1RX33fIlBfZdhOPLDcs35kYVlenraCwafC8Mipj+Wzb7n02teLOYyZs0FJrmEvVYAi5g4WWPKH4u0R7gl0DOXws9JD5auqZT8BTt3BTsxMbLGlHc9RxmOMPan07dHHAvepar1o2paTFsju/hjYFTEdJbo3FzA3IwJl5j8a3ttu/tb69NvnWe/EkREJkXM1MpsABZJIt1Zw+l/UeS2lK4PMpHBMihipoaCjEWi2EDi2y9FH45AKuTuhTMX2iJmagWiYnK5IB0ZXy5U4Sg1FO9KE1lNI95coCImMI1SqaHMfBgUmmnEmQvUiWmHI592VDM9jPfAxNYG8cj4coFuNymmUpl5j9bX12clXe8NirnYJW8M4ssF6sScHerRKAKlV8ibMrlygYuYwYu1/psLXy5gJyattdB0S3HmAhYxaanoNObClwt4nJzaXKiGxpVLGsoaac3lkupX4RuPAHOh5KLv0Z1A4skFzBqLdFw2KX8RnlzAcNTz4s1Xs3CPVrh4cgEPBtCZC/XlWzy5JKAiJpW10L/0i6u99Ccc6ZsX9Fe18eQCFTHJueh7MoOL2jhyATsxycPRDotr2nhyAbNGwnCk7zF6zSJHLmDrCxmV7Rqry4k5cjHYZo26tFcZiPt3wSImNpTtnRjL2895ziPoOHnvRExPtH02EWN8XT4/LmAnJhiOdGl209b29t7Zi5O8aqjMX7DAjwt5ODrbMFRLhmH+lAvM3x1giR8XMGuEsFwyWaCEiB8X0nBEWVjpURy5kBUx9ZDjkozEjwt0nBwKR+R7iDjiGKcBcwHC0eb1vNmXGxfSIiZ5iwLe8HhxAa9oBsI04bkZXHHjQljEpGjdwBI3LoRFTOIGS0zxsxfCIiZxZxie+PkXwFwgLtf0onleXAQPR9y4yIcAFyAckfb7m9Kacj/NZZdNZXMet8WLC/g+NcDtkt5DoWl/H7x8+PDhq9dv3nbQZJff/b7//uvX9/sfPi673vfCiwvYiQlwITt+pj16ebXQ0q3HBw0y2diTT8NzLX3+9nG58w1uXMiKmETHz7RHD00aDi1cvda0XHZ/eG7Yobnhr+/aR725cSEM0wSrF+31LReVBpmnXz67qDTIPLnb/JKI/gXKGvHDkfZHFxVLf/7UhcUi87VpMdzWL2rwepdtOHrsj2X03l8+XIbnPjXe+cKvzrB6MhMgwL1gZ41aEJbR0Xs/+YOxLYbnPqzqKyMGcMG9zUV76Ivl1qgtfzDfrLAkwn3Nbim14HmE28GtvfHHcq/B5V9+XIbnfs+JyKWwA/gXzHCkXfli+bOBJcDFDH8Wkot6FoxlFi8caa+hWWTJ32CeZAXkYmwHc8HMGkPMJdhghOSyGcwFLxyFeBfAw3zJicdFDsaCWcTUXoVNo9F7/ly+ZYXjouSBcIRXxAydRoET6dOycFwKl0A4wttTe+uL5da/HVxG/+PLZVgriMZFfhHMBTM7+jvUvQQ6mI/CcVHPArngupfv5Fx+yKJxCfYvOmbS2EM4Cg5IwnGJyRObs37axr3dXXs6SPZi5ZOyn1TsoT3y59KL330nnH9hKeJ49FnAdR07aY99ubjWL76lBhHXLwylvQxd7wYkjvvirXdZKtzxBi1flIHmEjqRAqeRgPk0Q4WuYIILdgPNJcxggirfyyLW65gKXsIELF4+KgPPRTsAZlLALPpgbZQMOBcwVvtj2be3YgedS2DR7l7A7lEDy+BzCdgUWLj6x3d/urVxP/hczLy6ay92YeGVpr3v7mf49KPV6OHhAt7d/v8qTTu4cjbALCz88VSLxZa/fJ1zoJmb++dDNtf6TuHSxaV+LYdYrl2a9v3VVbtd6uWjRr9Ubvnjfqthavjz+y/Luc431P+6uKABnEe2NE17+/3g4ODN05ij81DJ3o39+GDqy7u7TiqmnFhMLuXBNBhbPt2YppScJc9DdcfDBdUG0cPgqpB3YbG4oMo1dQ4LLDkfj3dxQWNp9XrOJgiqQuIy7scFVY/yRsKUfz/ToOviMjPuz6XVLprx/vNN0Ph4F5WIS5AiLv6KuPgr4uIv95nmiEtLbi7zvIcjitbdXPTIYGxlip67AXgPSBQhD5fI81rKlLxcUDECY84i1MUFlcZvOJnMvHUdi8/dI8XZGxyW5meLNoT/AeSZECtlfAt9AAAAAElFTkSuQmCC",Capital One,Mastercard
Platinum Plus,mastercard.us,"data:image/png;base64,iVBORw0KGgoAAAANSUhEUgAAARcAAAC0CAMAAACJ8pgSAAABU1BMVEUVIEWXttv////G1ut5qNfnIiP5nxvR0tTyZSIAEz56fo6cu+FIWnsNGD8ACTgAADPV1tsAIEZypNXN3e8AAC0AADYABSzBwcOQkJF1dHWJkaG7y+Gzs7T/pBilweLuIiG5uryZmZuOsNgAFkYAGkYAEkczPl6ArNgAADmmpqgIFj+zyuYhLFDb5fLp7/e3xtwADkfxXyKgo67M0NheXF2nts1AR2MAACJuepRraWqXpb2vIS6XZjI1IEHHISmMYDT3jh3zbSFFID92ITlnbH+VmKR1eIm3vMfi5epHUW1dZX3Axc+orrsUGjZTUFCBkauDgoJ4hZ4pMlJFREosLDg4NTdeaoWUITOjITCKITZdIDwhIEMkKEJlSjqwdSx3VDc5MkDYIibYjCPolh5SRD22ISy/fijrQiL2iB6tcyzuUSL1fB88IEBSIT5IOT/fkSB5k7d7Qx9hAAALmklEQVR4nO2d/VvTyBbH2wkCAZI2TQMI8taWAoUWLVIBUfcKSEtxQXYXX1dFXXe9d3Xv///TTdK3JE1OOi9l5pZ8f5Aanz4On+fMOXPOnJnEkKXkWD52c5WfqSKvYtYfh2mZ99i4Sk4/8+FS2lB5D4y7jItuLvmbbSwNyRUvlyOD95iEkFH2cFnlPSJBpLq51CNzaShRd3E5ipxuQ+qRi8tY5HUbksciLn6Sn0Vc/BRx8VfExV8RF38pE/GMqXk94uKSMjEet5SJFyMuDrW4mGT0iEtHHS7xTDHi0paDSzwecWnLySWjR1xactnLfMSlJReXOF8uspHAkGGocqFvYxGHi7I6Vk/2qq2t+nF5Zqx2YfLpy5CF4aJsdG9P9KLk6bONhKEwH44oXFQyLLaq5ZrBuKAmChd3fYwAzUyOaQlWFC4Ghbk0Vc4xtBlRuKyWqLkgNMbOzwjCRckzwILQVozV+AXhUjhhwgWVKozmkiBc1Bk2XBCqsQEjCBfjmBUXlGeyCBaES2KLGZdSloXzFYSLyiIcNbWVYDAgMbgoG+ywmOGagYsRg0uhxpILytGPSAwu7t1gapXpUwIxuKyeMuXCwGDE4MIwHNmaofYwgnChzxpdSlJPJDG45NhiQYh6REJwYZQ1OnRCu+gVgou8w5oLdT+cEFwMymJdt45pHYwYXNhljU1R5wJCcGEdjhCqDoa9sMYyGFzYh6PB4MKqiDloXEKKmKWiHqZiseQu4AyE34XD0XqqR63E1/UWHepzDiJwSSRBLEM9y6IzbndQntKei8HhIqcnW3re9WGS/PSfARQxSxhYWnDGi/QJNQaX5+eLU00t/tz8uHh/qv3s/DnhGKCsUcLmYqGJn9HuPPbO5flicqStqfuNn7udRyPJOw+IhgCGo3kSLkMpaZNyg61nLvK5A0sLzH3no5HkbaKppEJFzAwJlqEVSZJeULnenrmk77gY2GB23Y9G1tIkQ/CcJXSLCMtQxuSin9GAIeZigvFiGblDxAUqYuK7XUupeYkWDDmX5NqdJBsuQDgqknFZl2wwO+Q+hpzLyFrXEx8uhdXQyhm0p6YTcRmSmsoTR6W+clEKhcPQkqJSAbjgrOo6yrS4bBPPpH5yUfKHxgmqhqQqctdtCA7FSbA03Is9kyZI67w9c5lcm/JoyebifOKKR0bCqKOTdBLV4LGpUDhaIeIyK7UNhjR/7J3L+XRH9+2/TJlYFncdj8/b01lR1HI1fYi20mNhtVajDnAhmkYrbSySTnpjC8Y86kSf5PRU6y+LS47HnXmUryTqaCxdRRc5VArhAhQxicJ0ZxqZXF4QZm1k/sU2lSYXP/+yWkUbFZR8UEZjk0m0AUaFVcBcyMKR5BCp5+0PF3MJezRZRfIhOp08hiMSWMQkCkdxJxdJKHsxf9mtB3WUr6D6ZBkdQmMDs8ZxAizNRV3bwZAtYfrEZcOcRHVUqaCtySP0DOICFjFJwtGKy1z0S7JI3R8u5gSqPzAdSw0dh9kLWMSkNhczFyCbSH3yL0l0uIpKZpA+mqyjGmTKrLPGjOTmQhiQ+sNFPa2nZ9DxA2thV0JZaABZtlmjx1zMpJosd+ydy6LjuJi5fmlqasnxuLN+MQzTZC5iCBlmuIbWnGAnJkER0x2MLHvpM5fnu7c7sj/v7rY/th47JoySryVOUdl0L2DPBesipuTlctbveeS0F1trd7xPXHmjmQocVTdkBC/rwHCEXcT0zqLr9i+2wusM6qr5a8PpEdiJiY1l3IvlmuNRj1xMXZTh/99gGY4yXVgknbCjrN9cYiH5CZQ14oajlW4sxAk1RX33fIlBfZdhOPLDcs35kYVlenraCwafC8Mipj+Wzb7n02teLOYyZs0FJrmEvVYAi5g4WWPKH4u0R7gl0DOXws9JD5auqZT8BTt3BTsxMbLGlHc9RxmOMPan07dHHAvepar1o2paTFsju/hjYFTEdJbo3FzA3IwJl5j8a3ttu/tb69NvnWe/EkREJkXM1MpsABZJIt1Zw+l/UeS2lK4PMpHBMihipoaCjEWi2EDi2y9FH45AKuTuhTMX2iJmagWiYnK5IB0ZXy5U4Sg1FO9KE1lNI95coCImMI1SqaHMfBgUmmnEmQvUiWmHI592VDM9jPfAxNYG8cj4coFuNymmUpl5j9bX12clXe8NirnYJW8M4ssF6sScHerRKAKlV8ibMrlygYuYwYu1/psLXy5gJyattdB0S3HmAhYxaanoNObClwt4nJzaXKiGxpVLGsoaac3lkupX4RuPAHOh5KLv0Z1A4skFzBqLdFw2KX8RnlzAcNTz4s1Xs3CPVrh4cgEPBtCZC/XlWzy5JKAiJpW10L/0i6u99Ccc6ZsX9Fe18eQCFTHJueh7MoOL2jhyATsxycPRDotr2nhyAbNGwnCk7zF6zSJHLmDrCxmV7Rqry4k5cjHYZo26tFcZiPt3wSImNpTtnRjL2895ziPoOHnvRExPtH02EWN8XT4/LmAnJhiOdGl209b29t7Zi5O8aqjMX7DAjwt5ODrbMFRLhmH+lAvM3x1giR8XMGuEsFwyWaCEiB8X0nBEWVjpURy5kBUx9ZDjkozEjwt0nBwKR+R7iDjiGKcBcwHC0eb1vNmXGxfSIiZ5iwLe8HhxAa9oBsI04bkZXHHjQljEpGjdwBI3LoRFTOIGS0zxsxfCIiZxZxie+PkXwFwgLtf0onleXAQPR9y4yIcAFyAckfb7m9Kacj/NZZdNZXMet8WLC/g+NcDtkt5DoWl/H7x8+PDhq9dv3nbQZJff/b7//uvX9/sfPi673vfCiwvYiQlwITt+pj16ebXQ0q3HBw0y2diTT8NzLX3+9nG58w1uXMiKmETHz7RHD00aDi1cvda0XHZ/eG7Yobnhr+/aR725cSEM0wSrF+31LReVBpmnXz67qDTIPLnb/JKI/gXKGvHDkfZHFxVLf/7UhcUi87VpMdzWL2rwepdtOHrsj2X03l8+XIbnPjXe+cKvzrB6MhMgwL1gZ41aEJbR0Xs/+YOxLYbnPqzqKyMGcMG9zUV76Ivl1qgtfzDfrLAkwn3Nbim14HmE28GtvfHHcq/B5V9+XIbnfs+JyKWwA/gXzHCkXfli+bOBJcDFDH8Wkot6FoxlFi8caa+hWWTJ32CeZAXkYmwHc8HMGkPMJdhghOSyGcwFLxyFeBfAw3zJicdFDsaCWcTUXoVNo9F7/ly+ZYXjouSBcIRXxAydRoET6dOycFwKl0A4wttTe+uL5da/HVxG/+PLZVgriMZFfhHMBTM7+jvUvQQ6mI/CcVHPArngupfv5Fx+yKJxCfYvOmbS2EM4Cg5IwnGJyRObs37axr3dXXs6SPZi5ZOyn1TsoT3y59KL330nnH9hKeJ49FnAdR07aY99ubjWL76lBhHXLwylvQxd7wYkjvvirXdZKtzxBi1flIHmEjqRAqeRgPk0Q4WuYIILdgPNJcxggirfyyLW65gKXsIELF4+KgPPRTsAZlLALPpgbZQMOBcwVvtj2be3YgedS2DR7l7A7lEDy+BzCdgUWLj6x3d/urVxP/hczLy6ay92YeGVpr3v7mf49KPV6OHhAt7d/v8qTTu4cjbALCz88VSLxZa/fJ1zoJmb++dDNtf6TuHSxaV+LYdYrl2a9v3VVbtd6uWjRr9Ubvnjfqthavjz+y/Luc431P+6uKABnEe2NE17+/3g4ODN05ij81DJ3o39+GDqy7u7TiqmnFhMLuXBNBhbPt2YppScJc9DdcfDBdUG0cPgqpB3YbG4oMo1dQ4LLDkfj3dxQWNp9XrOJgiqQuIy7scFVY/yRsKUfz/ToOviMjPuz6XVLprx/vNN0Ph4F5WIS5AiLv6KuPgr4uIv95nmiEtLbi7zvIcjitbdXPTIYGxlip67AXgPSBQhD5fI81rKlLxcUDECY84i1MUFlcZvOJnMvHUdi8/dI8XZGxyW5meLNoT/AeSZECtlfAt9AAAAAElFTkSuQmCC",Awesome Bank,Mastercard
Business Advantage Customized Cash Rewards Mastercard,mastercard.us,https://cards.barclaycardus.com/content/dam/bcuspublic/card-plastic/card-angled/AA_card_Red_WE_Angle_359x246.png,Super Bank,Visa
Business Advantage Unlimited Cash Rewards Mastercard,mastercard.us,https://cards.barclaycardus.com/content/dam/bcuspublic/card-plastic/card-angled/AA_card_Red_WE_Angle_359x246.png,Super Bank,Visa
U.S. Bank Cash+,usbank.com,https://icm.aexp-static.com/Internet/Acquisition/US_en/AppContent/OneSite/open/category/cardarts/hilton-honors.png,U.S. Bank,Visa
U.S. Bank Altitude,usbank.com,https://icm.aexp-static.com/Internet/Acquisition/US_en/AppContent/OneSite/open/category/cardarts/hilton-honors.png,U.S. Bank,Visa
World Of Hyatt Business,hyatt.com,https://creditcards.wellsfargo.com/W-Card-PaidDigital/v13-8/images/Products/Autograph/Autograph_card_art_D.png,Cool Bank,Visa
Wells Fargo Reflect,wellsfargo.com,https://creditcards.wellsfargo.com/W-Card-PaidDigital/v13-8/images/Products/Autograph/Autograph_card_art_D.png,Wells Fargo,Visa
Capital One Spark Cash Plus,capitalone.com,https://ecm.capitalone.com/WCM/card/products/miles_new_2021_optimized.png,Capital One,Mastercard
Capital One Quicksilver Student Cash Rewards,capitalone.com,https://ecm.capitalone.com/WCM/card/products/miles_new_2021_optimized.png,Capital One,Mastercard
Capital One SavorOne Student Cash Rewards,capitalone.com,https://ecm.capitalone.com/WCM/card/products/miles_new_2021_optimized.png,Capital One,Mastercard
TD Business Solutions,td.com,https://www.americanexpress.com/en-us/business/credit-cards/campaign/core/assets/card-art-business-platinum-1624478767.png,Cool Bank,Visa
U.S. Bank Business Triple Cash Rewards World Elite Mastercard,mastercard.us,https://icm.aexp-static.com/Internet/Acquisition/US_en/AppContent/OneSite/open/category/cardarts/hilton-honors.png,U.S. Bank,Visa
Bank of America,bankofamerica.com,https://www.bankofamerica.com/content/images/ContextualSiteGraphics/CreditCardArt/en_US/Approved_PCM/8ckn_cshsigcm_v_250x158.png,Bank of America,Visa
Morgan Stanley Amex Platinum,americanexpress.com,https://cards.barclaycardus.com/content/dam/bcuspublic/card-plastic/card-angled/LFT_card_rCMY_Lufthansa_359x246_angled_L.png,Cooler Bank,Mastercard
Bank of America Unlimited Cash Rewards,bankofamerica.com,https://www.bankofamerica.com/content/images/ContextualSiteGraphics/CreditCardArt/en_US/Approved_PCM/8ckn_cshsigcm_v_250x158.png,Bank of America,Visa
Chase Slate Edge,chase.com,https://creditcards.chase.com/K-Marketplace/images/cardart/sapphire_preferred_card.png,Chase,Visa
United Club Business,united.com,https://creditcards.chase.com/K-Marketplace/images/cardart/united_biz_card.png,Cool Bank,Mastercard
Wells Fargo Active Cash,wellsfargo.com,https://creditcards.chase.com/travel-credit-cards/united/united-explorer,Wells Fargo,Visa
Citi Custom Cash,citi.com,https://www.citi.com/CRD/images/citi-premier/citi-premier_222x140.png,Citi,Mastercard
NBT Bank Platinum,nbtbank.com,https://cards.barclaycardus.com/content/dam/bcuspublic/card-plastic/card-angled/LFT_card_rCMY_Lufthansa_359x246_angled_L.png,Awesome Bank,Mastercard
Choice Privileges Visa Signature,choicehotels.com,https://www.citi.com/CRD/images/citi-premier/citi-premier_222x140.png,Cooler Bank,Visa
U.S. Bank Altitude Connect Visa Signature,usbank.com,https://icm.aexp-static.com/Internet/Acquisition/US_en/AppContent/OneSite/open/category/cardarts/hilton-honors.png,U.S. Bank,Visa
JetBlue,jetblue.com,https://creditcards.chase.com/K-Marketplace/images/cardart/ink_unlimited_card.png,Super Bank,Visa
Frontier Airlines World MasterCard,flyfrontier.com,https://creditcards.chase.com/K-Marketplace/images/cardart/ink_cash_card.png,Cool Bank,Mastercard
SoFi,sofi.com,https://www.americanexpress.com/en-us/business/credit-cards/campaign/core/assets/card-art-business-platinum-1624478767.png,Cooler Bank,Visa
United Quest,united.com,https://creditcards.chase.com/travel-credit-cards/united/united-explorer,Super Bank,Mastercard
TD Double Up,td.com,https://www.americanexpress.com/en-us/business/credit-cards/campaign/core/assets/card-art-business-platinum-1624478767.png,Super Bank,Visa
Chase Freedom Student,chase.com,https://creditcards.chase.com/K-Marketplace/images/cardart/sapphire_preferred_card.png,Chase,Visa
Santander Ultimate Cash Back,santanderbank.com,"data:image/jpeg;base64,/9j/4AAQSkZJRgABAQAAAQABAAD/2wCEAAkGBxISEBUSEhIVFRUVFRUVFRUVFRYVFhUWFRUWFxcXFxUYHSggGBolGxUVITEhJSkrLi4uFx8zODMsNygtLisBCgoKBQUFDgUFDisZExkrKysrKysrKysrKysrKysrKysrKysrKysrKysrKysrKysrKysrKysrKysrKysrKysrK//AABEIALIBGwMBIgACEQEDEQH/xAAcAAACAgMBAQAAAAAAAAAAAAAAAQIDBAUHBgj/xABCEAABAgMDCAcHAQYHAQEAAAABAAIDEfAhMVEEEkFhgZHR4QUTUnGSobEGFCIyU8HxBxU0QnOTshYzVGKCosLSI//EABQBAQAAAAAAAAAAAAAAAAAAAAD/xAAUEQEAAAAAAAAAAAAAAAAAAAAA/9oADAMBAAIRAxEAPwDtmUR82VkybAPucBr5Krrj+OaMoHxbPv5XKutXNBZ1pxPlwR1px9OCrrmUkFvXHE+XBHWnH04KquARXFBb1pxPlwR1xx9OCqreityC3rTj6cEdaccMOCqriidd9yCzrjifLggxjjjhwVc67kV9ygt644ny4JdcccMOCqreif34ILeuOPpj3I64444cFVOu4I5cUFvXHE+XBPrTj6cFTW8on9+CC3rjjhhwR1xx9Me5VTruCBw4oLeuOJ04cE+tOJ8sO5UzrvKZP34ILRFOJ0YcEdccfTHuVU67ggcEFvWnHHDgjrTidOHBVDh6on9/MoLetOJ8sO5AinE6MNOxajpTpOLAa55yfPYJkubEFgumWlsx5qXQXTDcpYXNaWlpALTbKyy1BtetOJ8se5PrTidOHBeeyn2la3KPd2wi92c1kw4AZxlMSloJ8in/AIjacq92EMk5+ZnZwliTKWi3cg9B1hxPlh3JiIcT5cF5vpb2shQnljWmI5pIdIgNBulO2ZCv6C9oRlLyzqy0tbnG2YlYPug3oiHE6MOCBEOPpwWh6a9o2ZM8QywvdmhxkQAMNpWx6Ly0R4TYgEg7ROcviIv2INkx81NY8O+sVkIMXKfm2D7qqtfJWZSfi2DT3qqsAg02XdPFkV0JsFz3CQaA6xxLQ4zssABvtUj0vFLxDZkry4Ma983BrWlwnIOl8RF2hV5FCI6QjOLTIsEjKw2QrvNa/LCREi+8ujvm4iDBhZ4YW25oOZKcxm2k6Sg2uW9OshwmRQ0uDnZpkfl+EvJnpsCienHNHx5O5rnS6uHnAufnGTQRL4dd8pLz7Mmf7nBaWOmMpm4ZpsHVXywnYt70nDJy/J3ZpkGvmZTAJzrzigyB0sRDiOfDzXw2lxZnTuEz8UtY0aQsfJunXv8AibkzurBk95cAAQZENs+IDGzT3rA6QY7rctJBAMAyMjIyZDuOzySPS3V5GITYLy9zHNhybNpzpjOnplO6U7EHqYcQOAIuNHgpTr0Wv6DgvZk7GxPnkS4YZxJl32rX9N9J5W1xhQIAmborjni3S1jReNdyCj2r6YLIsGDBtiZ2cRhMFjAe8uJl/tGK9NXFeD6JybqMoMSNDixos5l0hIONky42Ey0CYGM7vbwIwe0OE7cRIg6UFs69EVuSnXoityB19yidd6Vb0p15BBKddyK3WpVuRW+9A63oJrySnXkEVuQOddwRy4pV9yidd6B1vKZ48Ep13WIFbEDrcEDhxSHDztTnXegjHhB7HMNzmlp/5TBXhfZHL/d/eQ/+BmdLFzCWy3uAXva3WLm3tT0dFblcXMhvLXyfNrHEWyJEwO0Cg2PsRk5fGiZS+0Qw4zxe4EuOwE+IKHsY3rctMU6A+Ie95l/6O5bkZG7JujHMa0mI6H8QaCXZ8WQNgtsBl3NWu9k4MWDk2URRCd1ljWMLSCS0TsabSPj8kGLFyeLkOU9a6Hnsmc1xtBDjZb/C9ew6N6WhRoZjCzNBz53tF5nqsXl8t9pcpiQ3QfdSC8Fp+F5sIkZNIvWM3II8DJHgw35+UFrcxrS4thsmSXSuJLgJHRNBHJMndlkXKIpFzHxAMDKUNuwD/qt/7B5ROA5nZfPY4cQVqui/ZeO+GHiN1WdewhwN5AnI7dqyPY+BEg5RFhva4AggOLSGktNhButE0HtId42LJWNDvHeVkoMTKfm2D7qmsfNXZV82waO9UmvwEBOuJROuASNfhFa+SBzqtKU6rSlOuCKrWgqy2AIkN8MmQc0tnfIEeqWQZN1UNsMGebMTunMky81dVa0VWtA65pVs5orklXPuQOda0VsSrZzROvQIHW1FbAlOvUonXoEDriideiVcUVtQOt16K3pVsCK2m9A516IrdelOvRFcUDrenOvIKNbTyTnXdcgdblVlUVzWOc1peQLGgymTrVlfcqMRpIImWk6RKYJwmCEGIek2gAvLbW53wFz5l0QQ2tb8ImSSBjOySn+1IU5Td/FP4XWCGc1xNlgBIVX7LaBMEudaQ5xtJ6zPzpgWHOukJDBQyTogCGWxHFznCI1xB0PfnnRfdb5IMqP0ixkwc4luaCALSC4CYneJkKTukIYBJcRIvBsN7RnOsloCo/ZMObjb8c7LLC54eSLJk5wBtnhdYpxejmOJJLrQ+YmAJvbmOddeRsQWwukYbnAAmZkbWuHzCbQZiwkWy1jFVDpMCI9hFjCRMEkybDDy4iVgtlferhkbQ8PF4vsac7NEgSSJjYQq3dHMLi4lxDnFxbP4S5zMwmQEz8IlKckFxy5k82ZJm0SAJ+Zufh2VW3pJk5EyPx3BxADXlhJMhK0eelQHRwzXDPf8RaSZtnJtjR8tgkBaLbL52qTujYZDhbJweDboc/PP/YoJnpKH8XxfKSLjaQ4MIGMnEBXQspa5xaJzbKcwRKycpnTaqRkTQXZpLc7AMsJM3EEtJ2GYtuTgZGGlpznHNZmAEiUjK26ZNmk4ykgzIV4rWspYsK8LKQYeV/NsH3VNYK7K/m2DT3qmrvuUCFflFauaKxRWJ5ICtfJKvwiqOlFa+QQFVrRVa0q/CKrWgdcu9KuSK7uaK5ICq1IrYiuSK59yArgEVxKSK4BA516BFcSlXEorZoQOuARXFFbUq2IJVwRWwJVtRXBA62lE69Eq4p1wQOVeqK3pVxTFd5QOtyK+5SrYLk64oHW+5Fbkq33J1sCB19yit6VcU516IHOu6wIFbL0q3J1xQOt6J15BKdd6dbkE4V4q5ZaxIV4WWgw8r+bYNMsVRWkq/K/m2DDWqTVvBAjWjySrDyTrDzKVUSgK/ASr8lOqOlKvwEBVYBFfhFfkoqsAgKrWlVa0V+EV+EBXJFcu5FckVyQFc+5Fc0VWpFc0BXAIRXNFcAgK2c0Vt5IrbyRWzmgK2J1tRXAIriUBWxOtqVcAnXEoCtidbdKVcAnXFAVwTriituhFbEBW+5OtgRKtZTrggUq9U64IlXqnXBAVuRW+9FbkSrvQFfYJitiK4IrcgnCvCy1iwrxV6ykGHlfzbBonpKprQFdlfzbBjrVMqlxQKsUjWnyTNW/YIrBAq18kV+SisAg1+ECr8DSivynWvklVYoCqwCK5BFflFVgEBXIIrkEVyCK5BAVyRVakVyCK5ICuaVc+9Oq1IrmgK5IrbyRVa0VyQFbEVwCdbeARXNAVxKK4BOuARXEoCuJRXBFbE628kBXFOuASrZzUhXeg0/T3tHAySQiFznuE2w2AF5E5FxmQGtnZMnRZNaUfqFDN2TRfFD2fxLyXtY9zukMpN8nhomTY1sNoAAw095K1rXOAPy3azdqCDoDv1AhgTOTxQBec6HjqKs/x03/SxfFC/wDpeKyXIQ4fG8uxFrR3ZovHfNZb+j3ATY+drRmv+IfEQJz+aduKD1P+PoenJo0tRhEyGrOC9L0X0jCyiEIsJ2c0zF0iDpDgbQRguU5RAeDc2/8A3L0f6a5zY+UMJGa5kJ8hdnBz2l2MyJD/AIjBB76uCK3JorYEE4V4q9ZSxYV4WUgw8q+bYNMsVTWkq7Kvm2DDEqk1bwQKsEVRKcqlxSNaUBWPmlVFOreCJVyQKtXNFa+Sda+SKrFAq1c0V+U6/GCKrFAhVaAivwnX5RVYBAq5BFcgnX41IrkECqtSKrUnXIIqtSBVzRVa06rUiuaBSr7J1WpFVrTrkgVc064BFVqTFcUCTrZzRXJOtqBVt5Jiu5FbOaYrgg477VT9/wAplL/M135jVpiXWzLbteC3PtTne/5TKR//AE0n/a3ctQ9j7RIW6ZnTOeipoN1kNongBNbHPMmylPPbfOXzatclqsifZes4xDJoEvnbfdYc7/ygsy6FEziZtvErDtlatz+nod7xGzpf5MO4EfxvxK0eURIhNzL8Tat7+n4d7xGzpf5MOUp9t2KD3KK4IrihBOFeK71lLFhXhZSDDykfFsGiekqqtAVuU/NsHqVXKpII1pKKwUqv4JSrmUCrBEqu805VeiVXoFWrmiVcApVRSlWjegUq4lFfgKUq4BEq4lBGVVeUSripSrgESqrygjKseARValKVcUSqrggjVakVWpSlVXBEqrQgjVak659ycqrQiVVoQKuaJVWlOVfdEq+6BSr7JgVWhOVVpRKvsgVc0VyUpVWhEq+6BSrWgJyr7JoOPe2IfDy+PYJue0gHBzGkHusO4rVRBEIlICekG3YuwdO+zsDK5GIC17QQ2I2QeAbwZghwnoK0Y/T5n+pi+CHwQeAhhzGzmDLZNZb2vcBJ4BBBEhLEWkkzXtHfp7DIkcpi+CHwVg9gmf6mL4IezQg8XEjxew2/HmvT/pwXOjR3m1vVwmhwumXRHS7wJbws5vsGyduUxSJ3BsMecl6PovoyFk0IQoLc1omTpLib3OOlxxQZdcEVxRW1FbEEoV4ruWUsaHeKtWSg12X5VDY+T4jGzaJZzw2dpxNqx/2jA+tC/qN4rwX6wfvMH+Uf7yvAyQd8/aEH60P+owfdH7Qg/Whf1Gn7rggCkAg717/B+tD/AKjfQFP36D9WH42+k1wdoU2hB3X36D9WH42+k0e+wvqw/G3iuHBqmAg7eMshfVh+NvmZo98hfVh+NvpNcTAUgEHavfIX1WeNvFHvcL6sPxt8rVxcBMNQdo97hfUh+NvG1HvUP6jPG3ztXGc0JgIOy+9Q/qM8beNyfvUP6jPG3jcuNhqckHY/eYf1GeJvG5HvMP6jPE3jcuOZqeaEHYveYf1GeJvG5P3iH9RnibvvXHM0IzQg7H7xD7bPEN96fXs7bfEON646GjBMNGCDsPXs7bfEN16fXs7bfEKkuPho1IzRgg7B17O23xDfejrmdtviG5cgzQjNCDsHXM7bfEEdcztt8Q3rjpaFW4DBB2frmdpviG5HXM7bfEFxRzRgqntGAQdw69nbb4hcjrmdtviF64S5owCqcwYBB3rrmdtviCOuZ2m+ILgRYMAo5gwG5B9BQorSQA5p7iFmLhHsg0e/5NYP81q7ug5T+sH7zB/lH+8rwK99+sH7zB/lH+8rwKBhTCgFMIJhTaoBTagsCmFEKQQTCkFEKQQSCkFEKQQNSCipBAwmkE0AmEIQNEkJoBSCSYQMJoQgEIQgRVTlYVByCpyqcrXKpyCpyqcrHKtyCtygplQQbf2R/f8AJv5rPVd3XCPZL9/yb+cz1Xd0HKf1g/eYP8o/3leBXZf1E9mX5XCY+CAYsKcm3Z7HXga5gEbVyKPkUVji18N7SLwWuBHkgoCmExBd2XbipCC7su3FABWNSEF3ZduKsEJ3ZduKAarAk2E7su3FTEJ3ZduKACkExDd2TuKkITuydxQIKQTEF3ZduKYhO7J3FAgpBAhO7J3FSEJ3ZO4oAIUhDd2TuKfVO7J3FBEIU+qd2TuKOqd2TuKCKYUuqd2TuKOrd2TuKBJhPq3dk7imIbuydxQCFIQ3dk7ijqndk7igihT6t3ZO4o6t3ZO4oKnKtyudCd2TuKg6E7sncUGO5VOWQ6E7sncVU6E7sncUGO5VOWQ6E7su3FUugu7LtxQUlRKtMF3ZduKiILuw7cUGz9kf3/Jv5zPVd4XMf089k4ojNyqOwsayZhtdY5ziJBxbeAASbdMl05AIQhAIQhAIQhAIQhAIQhAIQhAIQhAIQhAIQhAIQhAIQhAIQhAIQhAIQhAIQhAIQhAIQhAIQhB//9k=",Cool Bank,Visa
Free Spirit Travel More World Elite Mastercard,mastercard.us,https://creditcards.chase.com/K-Marketplace/images/cardart/ink_cash_card.png,Nice Bank,Mastercard
Amazon Prime Store,amazon.com,https://www.alaskaair.com/content/credit-card/visa-signature,Cooler Bank,Mastercard
The American Express Platinum for Schwab,americanexpress.com,https://www.americanexpress.com/en-us/business/credit-cards/campaign/core/assets/card-art-business-platinum-1624478767.png,Cool Bank,American Express
El Al Fly Preferred,elal.com,https://creditcards.chase.com/K-Marketplace/images/cardart/ink_cash_card.png,Cool Bank,Mastercard
Harley Davidson Visa,harley-davidson.com,https://creditcards.chase.com/K-Marketplace/images/cardart/ink_cash_card.png,Cool Bank,Mastercard
RCI Elite Rewards Mastercard,mastercard.us,"data:image/jpeg;base64,/9j/4AAQSkZJRgABAQAAAQABAAD/2wCEAAkGBxISEBUSEhIVFRUVFRUVFRUVFRYVFhUWFRUWFxcXFxUYHSggGBolGxUVITEhJSkrLi4uFx8zODMsNygtLisBCgoKBQUFDgUFDisZExkrKysrKysrKysrKysrKysrKysrKysrKysrKysrKysrKysrKysrKysrKysrKysrKysrK//AABEIALIBGwMBIgACEQEDEQH/xAAcAAACAgMBAQAAAAAAAAAAAAAAAQIDBAUHBgj/xABCEAABAgMDCAcHAQYHAQEAAAABAAIDEfAhMVEEEkFhgZHR4QUTUnGSobEGFCIyU8HxBxU0QnOTshYzVGKCosLSI//EABQBAQAAAAAAAAAAAAAAAAAAAAD/xAAUEQEAAAAAAAAAAAAAAAAAAAAA/9oADAMBAAIRAxEAPwDtmUR82VkybAPucBr5Krrj+OaMoHxbPv5XKutXNBZ1pxPlwR1px9OCrrmUkFvXHE+XBHWnH04KquARXFBb1pxPlwR1xx9OCqreityC3rTj6cEdaccMOCqriidd9yCzrjifLggxjjjhwVc67kV9ygt644ny4JdcccMOCqreif34ILeuOPpj3I64444cFVOu4I5cUFvXHE+XBPrTj6cFTW8on9+CC3rjjhhwR1xx9Me5VTruCBw4oLeuOJ04cE+tOJ8sO5UzrvKZP34ILRFOJ0YcEdccfTHuVU67ggcEFvWnHHDgjrTidOHBVDh6on9/MoLetOJ8sO5AinE6MNOxajpTpOLAa55yfPYJkubEFgumWlsx5qXQXTDcpYXNaWlpALTbKyy1BtetOJ8se5PrTidOHBeeyn2la3KPd2wi92c1kw4AZxlMSloJ8in/AIjacq92EMk5+ZnZwliTKWi3cg9B1hxPlh3JiIcT5cF5vpb2shQnljWmI5pIdIgNBulO2ZCv6C9oRlLyzqy0tbnG2YlYPug3oiHE6MOCBEOPpwWh6a9o2ZM8QywvdmhxkQAMNpWx6Ly0R4TYgEg7ROcviIv2INkx81NY8O+sVkIMXKfm2D7qqtfJWZSfi2DT3qqsAg02XdPFkV0JsFz3CQaA6xxLQ4zssABvtUj0vFLxDZkry4Ma983BrWlwnIOl8RF2hV5FCI6QjOLTIsEjKw2QrvNa/LCREi+8ujvm4iDBhZ4YW25oOZKcxm2k6Sg2uW9OshwmRQ0uDnZpkfl+EvJnpsCienHNHx5O5rnS6uHnAufnGTQRL4dd8pLz7Mmf7nBaWOmMpm4ZpsHVXywnYt70nDJy/J3ZpkGvmZTAJzrzigyB0sRDiOfDzXw2lxZnTuEz8UtY0aQsfJunXv8AibkzurBk95cAAQZENs+IDGzT3rA6QY7rctJBAMAyMjIyZDuOzySPS3V5GITYLy9zHNhybNpzpjOnplO6U7EHqYcQOAIuNHgpTr0Wv6DgvZk7GxPnkS4YZxJl32rX9N9J5W1xhQIAmborjni3S1jReNdyCj2r6YLIsGDBtiZ2cRhMFjAe8uJl/tGK9NXFeD6JybqMoMSNDixos5l0hIONky42Ey0CYGM7vbwIwe0OE7cRIg6UFs69EVuSnXoityB19yidd6Vb0p15BBKddyK3WpVuRW+9A63oJrySnXkEVuQOddwRy4pV9yidd6B1vKZ48Ep13WIFbEDrcEDhxSHDztTnXegjHhB7HMNzmlp/5TBXhfZHL/d/eQ/+BmdLFzCWy3uAXva3WLm3tT0dFblcXMhvLXyfNrHEWyJEwO0Cg2PsRk5fGiZS+0Qw4zxe4EuOwE+IKHsY3rctMU6A+Ie95l/6O5bkZG7JujHMa0mI6H8QaCXZ8WQNgtsBl3NWu9k4MWDk2URRCd1ljWMLSCS0TsabSPj8kGLFyeLkOU9a6Hnsmc1xtBDjZb/C9ew6N6WhRoZjCzNBz53tF5nqsXl8t9pcpiQ3QfdSC8Fp+F5sIkZNIvWM3II8DJHgw35+UFrcxrS4thsmSXSuJLgJHRNBHJMndlkXKIpFzHxAMDKUNuwD/qt/7B5ROA5nZfPY4cQVqui/ZeO+GHiN1WdewhwN5AnI7dqyPY+BEg5RFhva4AggOLSGktNhButE0HtId42LJWNDvHeVkoMTKfm2D7qmsfNXZV82waO9UmvwEBOuJROuASNfhFa+SBzqtKU6rSlOuCKrWgqy2AIkN8MmQc0tnfIEeqWQZN1UNsMGebMTunMky81dVa0VWtA65pVs5orklXPuQOda0VsSrZzROvQIHW1FbAlOvUonXoEDriideiVcUVtQOt16K3pVsCK2m9A516IrdelOvRFcUDrenOvIKNbTyTnXdcgdblVlUVzWOc1peQLGgymTrVlfcqMRpIImWk6RKYJwmCEGIek2gAvLbW53wFz5l0QQ2tb8ImSSBjOySn+1IU5Td/FP4XWCGc1xNlgBIVX7LaBMEudaQ5xtJ6zPzpgWHOukJDBQyTogCGWxHFznCI1xB0PfnnRfdb5IMqP0ixkwc4luaCALSC4CYneJkKTukIYBJcRIvBsN7RnOsloCo/ZMObjb8c7LLC54eSLJk5wBtnhdYpxejmOJJLrQ+YmAJvbmOddeRsQWwukYbnAAmZkbWuHzCbQZiwkWy1jFVDpMCI9hFjCRMEkybDDy4iVgtlferhkbQ8PF4vsac7NEgSSJjYQq3dHMLi4lxDnFxbP4S5zMwmQEz8IlKckFxy5k82ZJm0SAJ+Zufh2VW3pJk5EyPx3BxADXlhJMhK0eelQHRwzXDPf8RaSZtnJtjR8tgkBaLbL52qTujYZDhbJweDboc/PP/YoJnpKH8XxfKSLjaQ4MIGMnEBXQspa5xaJzbKcwRKycpnTaqRkTQXZpLc7AMsJM3EEtJ2GYtuTgZGGlpznHNZmAEiUjK26ZNmk4ykgzIV4rWspYsK8LKQYeV/NsH3VNYK7K/m2DT3qmrvuUCFflFauaKxRWJ5ICtfJKvwiqOlFa+QQFVrRVa0q/CKrWgdcu9KuSK7uaK5ICq1IrYiuSK59yArgEVxKSK4BA516BFcSlXEorZoQOuARXFFbUq2IJVwRWwJVtRXBA62lE69Eq4p1wQOVeqK3pVxTFd5QOtyK+5SrYLk64oHW+5Fbkq33J1sCB19yit6VcU516IHOu6wIFbL0q3J1xQOt6J15BKdd6dbkE4V4q5ZaxIV4WWgw8r+bYNMsVRWkq/K/m2DDWqTVvBAjWjySrDyTrDzKVUSgK/ASr8lOqOlKvwEBVYBFfhFfkoqsAgKrWlVa0V+EV+EBXJFcu5FckVyQFc+5Fc0VWpFc0BXAIRXNFcAgK2c0Vt5IrbyRWzmgK2J1tRXAIriUBWxOtqVcAnXEoCtidbdKVcAnXFAVwTriituhFbEBW+5OtgRKtZTrggUq9U64IlXqnXBAVuRW+9FbkSrvQFfYJitiK4IrcgnCvCy1iwrxV6ykGHlfzbBonpKprQFdlfzbBjrVMqlxQKsUjWnyTNW/YIrBAq18kV+SisAg1+ECr8DSivynWvklVYoCqwCK5BFflFVgEBXIIrkEVyCK5BAVyRVakVyCK5ICuaVc+9Oq1IrmgK5IrbyRVa0VyQFbEVwCdbeARXNAVxKK4BOuARXEoCuJRXBFbE628kBXFOuASrZzUhXeg0/T3tHAySQiFznuE2w2AF5E5FxmQGtnZMnRZNaUfqFDN2TRfFD2fxLyXtY9zukMpN8nhomTY1sNoAAw095K1rXOAPy3azdqCDoDv1AhgTOTxQBec6HjqKs/x03/SxfFC/wDpeKyXIQ4fG8uxFrR3ZovHfNZb+j3ATY+drRmv+IfEQJz+aduKD1P+PoenJo0tRhEyGrOC9L0X0jCyiEIsJ2c0zF0iDpDgbQRguU5RAeDc2/8A3L0f6a5zY+UMJGa5kJ8hdnBz2l2MyJD/AIjBB76uCK3JorYEE4V4q9ZSxYV4WUgw8q+bYNMsVTWkq7Kvm2DDEqk1bwQKsEVRKcqlxSNaUBWPmlVFOreCJVyQKtXNFa+Sda+SKrFAq1c0V+U6/GCKrFAhVaAivwnX5RVYBAq5BFcgnX41IrkECqtSKrUnXIIqtSBVzRVa06rUiuaBSr7J1WpFVrTrkgVc064BFVqTFcUCTrZzRXJOtqBVt5Jiu5FbOaYrgg477VT9/wAplL/M135jVpiXWzLbteC3PtTne/5TKR//AE0n/a3ctQ9j7RIW6ZnTOeipoN1kNongBNbHPMmylPPbfOXzatclqsifZes4xDJoEvnbfdYc7/ygsy6FEziZtvErDtlatz+nod7xGzpf5MO4EfxvxK0eURIhNzL8Tat7+n4d7xGzpf5MOUp9t2KD3KK4IrihBOFeK71lLFhXhZSDDykfFsGiekqqtAVuU/NsHqVXKpII1pKKwUqv4JSrmUCrBEqu805VeiVXoFWrmiVcApVRSlWjegUq4lFfgKUq4BEq4lBGVVeUSripSrgESqrygjKseARValKVcUSqrggjVakVWpSlVXBEqrQgjVak659ycqrQiVVoQKuaJVWlOVfdEq+6BSr7JgVWhOVVpRKvsgVc0VyUpVWhEq+6BSrWgJyr7JoOPe2IfDy+PYJue0gHBzGkHusO4rVRBEIlICekG3YuwdO+zsDK5GIC17QQ2I2QeAbwZghwnoK0Y/T5n+pi+CHwQeAhhzGzmDLZNZb2vcBJ4BBBEhLEWkkzXtHfp7DIkcpi+CHwVg9gmf6mL4IezQg8XEjxew2/HmvT/pwXOjR3m1vVwmhwumXRHS7wJbws5vsGyduUxSJ3BsMecl6PovoyFk0IQoLc1omTpLib3OOlxxQZdcEVxRW1FbEEoV4ruWUsaHeKtWSg12X5VDY+T4jGzaJZzw2dpxNqx/2jA+tC/qN4rwX6wfvMH+Uf7yvAyQd8/aEH60P+owfdH7Qg/Whf1Gn7rggCkAg717/B+tD/AKjfQFP36D9WH42+k1wdoU2hB3X36D9WH42+k0e+wvqw/G3iuHBqmAg7eMshfVh+NvmZo98hfVh+NvpNcTAUgEHavfIX1WeNvFHvcL6sPxt8rVxcBMNQdo97hfUh+NvG1HvUP6jPG3ztXGc0JgIOy+9Q/qM8beNyfvUP6jPG3jcuNhqckHY/eYf1GeJvG5HvMP6jPE3jcuOZqeaEHYveYf1GeJvG5P3iH9RnibvvXHM0IzQg7H7xD7bPEN96fXs7bfEON646GjBMNGCDsPXs7bfEN16fXs7bfEKkuPho1IzRgg7B17O23xDfejrmdtviG5cgzQjNCDsHXM7bfEEdcztt8Q3rjpaFW4DBB2frmdpviG5HXM7bfEFxRzRgqntGAQdw69nbb4hcjrmdtviF64S5owCqcwYBB3rrmdtviCOuZ2m+ILgRYMAo5gwG5B9BQorSQA5p7iFmLhHsg0e/5NYP81q7ug5T+sH7zB/lH+8rwK99+sH7zB/lH+8rwKBhTCgFMIJhTaoBTagsCmFEKQQTCkFEKQQSCkFEKQQNSCipBAwmkE0AmEIQNEkJoBSCSYQMJoQgEIQgRVTlYVByCpyqcrXKpyCpyqcrHKtyCtygplQQbf2R/f8AJv5rPVd3XCPZL9/yb+cz1Xd0HKf1g/eYP8o/3leBXZf1E9mX5XCY+CAYsKcm3Z7HXga5gEbVyKPkUVji18N7SLwWuBHkgoCmExBd2XbipCC7su3FABWNSEF3ZduKsEJ3ZduKAarAk2E7su3FTEJ3ZduKACkExDd2TuKkITuydxQIKQTEF3ZduKYhO7J3FAgpBAhO7J3FSEJ3ZO4oAIUhDd2TuKfVO7J3FBEIU+qd2TuKOqd2TuKCKYUuqd2TuKOrd2TuKBJhPq3dk7imIbuydxQCFIQ3dk7ijqndk7igihT6t3ZO4o6t3ZO4oKnKtyudCd2TuKg6E7sncUGO5VOWQ6E7sncVU6E7sncUGO5VOWQ6E7su3FUugu7LtxQUlRKtMF3ZduKiILuw7cUGz9kf3/Jv5zPVd4XMf089k4ojNyqOwsayZhtdY5ziJBxbeAASbdMl05AIQhAIQhAIQhAIQhAIQhAIQhAIQhAIQhAIQhAIQhAIQhAIQhAIQhAIQhAIQhAIQhAIQhAIQhB//9k=",Cooler Bank,Mastercard
Carnival World Mastercard,mastercard.us,https://ecm.capitalone.com/WCM/card/products/venture-card-art.png,Nice Bank,Mastercard
Southwest Rapid Rewards Premier Business,southwest.com,https://www.americanexpress.com/en-us/business/credit-cards/campaign/core/assets/card-art-business-platinum-1624478767.png,Cool Bank,Visa
Southwest Rapid Rewards Performance Business,southwest.com,https://www.americanexpress.com/en-us/business/credit-cards/campaign/core/assets/card-art-business-platinum-1624478767.png,Cooler Bank,Visa
Wyndham Rewards Earner Plus,wyndhamhotels.com,https://creditcards.wellsfargo.com/W-Card-PaidDigital/v13-8/images/Products/Autograph/Autograph_card_art_D.png,Nice Bank,Visa
Wyndham Rewards Earner,wyndhamhotels.com,https://creditcards.wellsfargo.com/W-Card-PaidDigital/v13-8/images/Products/Autograph/Autograph_card_art_D.png,Nice Bank,Visa
Wyndham Rewards Earner Business,wyndhamhotels.com,https://creditcards.wellsfargo.com/W-Card-PaidDigital/v13-8/images/Products/Autograph/Autograph_card_art_D.png,Cool Bank,Visa
United Gateway,united.com,https://creditcards.chase.com/travel-credit-cards/united/united-explorer,Awesome Bank,Mastercard
Wells Fargo Hotels.com Rewards Visa,wellsfargo.com,https://creditcards.wellsfargo.com/W-Card-PaidDigital/v13-8/images/Products/Autograph/Autograph_card_art_D.png,Wells Fargo,Visa
Emirates Skywards Premium World Elite Mastercard,mastercard.us,https://creditcards.chase.com/K-Marketplace/images/cardart/ink_cash_card.png,Cooler Bank,Mastercard
Emirates Skywards Rewards World Elite Mastercard,mastercard.us,https://creditcards.chase.com/K-Marketplace/images/cardart/ink_cash_card.png,Cool Bank,Mastercard
Chase Freedom Flex,chase.com,https://creditcards.chase.com/K-Marketplace/images/cardart/sapphire_preferred_card.png,Chase,Visa
Wells Fargo Business Platinum,wellsfargo.com,https://creditcards.wellsfargo.com/W-Card-PaidDigital/v13-8/images/Products/Autograph/Autograph_card_art_D.png,Wells Fargo,Visa
The Home Depot Project Loan,homedepot.com,https://icm.aexp-static.com/Internet/Acquisition/US_en/AppContent/OneSite/open/category/cardarts/hilton-honors.png,Cool Bank,American Express
The Home Depot Pro Xtra,homedepot.com,https://icm.aexp-static.com/Internet/Acquisition/US_en/AppContent/OneSite/open/category/cardarts/hilton-honors.png,Super Bank,American Express
The Home Depot Commercial Account,homedepot.com,https://icm.aexp-static.com/Internet/Acquisition/US_en/AppContent/OneSite/open/category/cardarts/hilton-honors.png,Awesome Bank,American Express
The Home Depot Consumer,homedepot.com,https://icm.aexp-static.com/Internet/Acquisition/US_en/AppContent/OneSite/open/category/cardarts/hilton-honors.png,Nice Bank,American Express
Apple,apple.com,https://icm.aexp-static.com/Internet/Acquisition/US_en/AppContent/OneSite/category/cardarts/hilton-honors-surpass.png,Super Bank,Visa
Verizon Visa,verizon.com,https://creditcards.chase.com/travel-credit-cards/united/united-explorer,Awesome Bank,Visa
Hilton Honors American Express,hilton.com,https://creditcards.chase.com/K-Marketplace/images/cardart/ink_cash_card.png,Nice Bank,American Express
Discover It Miles,discover.com,https://creditcards.chase.com/K-Marketplace/images/cardart/ink_cash_card.png,Discover,Discover
Discover It Chrome Gas & Restaurants,discover.com,https://creditcards.chase.com/K-Marketplace/images/cardart/ink_cash_card.png,Discover,Discover
Discover It Student Chrome,discover.com,https://creditcards.chase.com/K-Marketplace/images/cardart/ink_cash_card.png,Discover,Discover
Discover It Student Cash Back,discover.com,https://creditcards.chase.com/K-Marketplace/images/cardart/ink_cash_card.png,Discover,Discover
Norwegian Cruise Line World Mastercard,ncl.com,https://cards.barclaycardus.com/content/dam/bcuspublic/card-plastic/card-angled/LFT_card_rCMY_Lufthansa_359x246_angled_L.png,Nice Bank,Mastercard
Allegiant World Mastercard,allegiantair.com,https://www.alaskaair.com/content/credit-card/visa-signature,Nice Bank,Mastercard
Air France KLM World Elite Mastercard,airfrance.us,https://www.alaskaair.com/content/credit-card/visa-signature,Cool Bank,Mastercard
Sonesta World Mastercard,sonesta.com,https://www.americanexpress.com/en-us/business/credit-cards/campaign/core/assets/card-art-business-platinum-1624478767.png,Nice Bank,Visa
Virgin Atlantic World Elite Mastercard,virginatlantic.com,https://creditcards.chase.com/travel-credit-cards/united/united-explorer,Awesome Bank,Mastercard
Bank of America Travel Rewards,bankofamerica.com,https://www.bankofamerica.com/content/images/ContextualSiteGraphics/CreditCardArt/en_US/Approved_PCM/8ckn_cshsigcm_v_250x158.png,Bank of America,Visa
Bank Of America Customized Cash Rewards Secured,bankofamerica.com,https://www.bankofamerica.com/content/images/ContextualSiteGraphics/CreditCardArt/en_US/Approved_PCM/8ckn_cshsigcm_v_250x158.png,Bank of America,Visa
Bank of America Travel Rewards for Students,bankofamerica.com,https://www.bankofamerica.com/content/images/ContextualSiteGraphics/CreditCardArt/en_US/Approved_PCM/8ckn_cshsigcm_v_250x158.png,Bank of America,Visa
U.S. Bank Cash+ Visa Signature,usbank.com,https://icm.aexp-static.com/Internet/Acquisition/US_en/AppContent/OneSite/open/category/cardarts/hilton-honors.png,U.S. Bank,Visa
U.S. Bank FlexPerks Gold Amex,usbank.com,https://icm.aexp-static.com/Internet/Acquisition/US_en/AppContent/OneSite/open/category/cardarts/hilton-honors.png,U.S. Bank,Visa
U.S. Bank Secured Visa,usbank.com,https://icm.aexp-static.com/Internet/Acquisition/US_en/AppContent/OneSite/open/category/cardarts/hilton-honors.png,U.S. Bank,Visa
U.S. Bank Altitude Reserve Visa Infinite,usbank.com,https://icm.aexp-static.com/Internet/Acquisition/US_en/AppContent/OneSite/open/category/cardarts/hilton-honors.png,U.S. Bank,Visa
AAdvantage MileUp,aa.com,https://www.alaskaair.com/content/credit-card/visa-signature,Awesome Bank,Mastercard
AAdvantage Executive Club Travel Rewards,aa.com,https://www.alaskaair.com/content/credit-card/visa-signature,Super Bank,Mastercard
Citi Costco Anywhere Business,costco.com,https://www.citi.com/CRD/images/citi-premier/citi-premier_222x140.png,Citi,Mastercard
U.S. Bank Altitude Go Visa Signature,usbank.com,https://icm.aexp-static.com/Internet/Acquisition/US_en/AppContent/OneSite/open/category/cardarts/hilton-honors.png,U.S. Bank,Visa
Capital One Spark Cash Select ,capitalone.com,https://ecm.capitalone.com/WCM/card/products/miles_new_2021_optimized.png,Capital One,Mastercard
Capital One Spark Miles Select Business,capitalone.com,https://ecm.capitalone.com/WCM/card/products/venture-card-art.png,Capital One,Mastercard
Capital One VentureOne Rewards,capitalone.com,https://ecm.capitalone.com/WCM/card/products/venture-card-art.png,Capital One,Mastercard
Capital One Spark Classic Business,capitalone.com,https://ecm.capitalone.com/WCM/card/products/miles_new_2021_optimized.png,Capital One,Mastercard
Marriott Bonvoy Business,marriott.com,https://creditcards.chase.com/K-Marketplace/images/cardart/marriott_bonvoy_bountiful_card.png,Nice Bank,Mastercard
Brex For Startups,brex.com,https://cards.barclaycardus.com/content/dam/bcuspublic/card-plastic/card-angled/AA_card_Red_WE_Angle_359x246.png,Cool Bank,Visa
Capital One SavorOne Cash Rewards,capitalone.com,https://ecm.capitalone.com/WCM/card/products/miles_new_2021_optimized.png,Capital One,Mastercard
Capital One Walmart Rewards,capitalone.com,https://ecm.capitalone.com/WCM/card/products/venture-card-art.png,Capital One,Mastercard
Upromise Mastercard,mastercard.us,https://creditcards.chase.com/travel-credit-cards/united/united-explorer,Super Bank,Mastercard
Priceline Rewards Visa,priceline.com,"data:image/png;base64,iVBORw0KGgoAAAANSUhEUgAAARcAAAC0CAMAAACJ8pgSAAABU1BMVEUVIEWXttv////G1ut5qNfnIiP5nxvR0tTyZSIAEz56fo6cu+FIWnsNGD8ACTgAADPV1tsAIEZypNXN3e8AAC0AADYABSzBwcOQkJF1dHWJkaG7y+Gzs7T/pBilweLuIiG5uryZmZuOsNgAFkYAGkYAEkczPl6ArNgAADmmpqgIFj+zyuYhLFDb5fLp7/e3xtwADkfxXyKgo67M0NheXF2nts1AR2MAACJuepRraWqXpb2vIS6XZjI1IEHHISmMYDT3jh3zbSFFID92ITlnbH+VmKR1eIm3vMfi5epHUW1dZX3Axc+orrsUGjZTUFCBkauDgoJ4hZ4pMlJFREosLDg4NTdeaoWUITOjITCKITZdIDwhIEMkKEJlSjqwdSx3VDc5MkDYIibYjCPolh5SRD22ISy/fijrQiL2iB6tcyzuUSL1fB88IEBSIT5IOT/fkSB5k7d7Qx9hAAALmklEQVR4nO2d/VvTyBbH2wkCAZI2TQMI8taWAoUWLVIBUfcKSEtxQXYXX1dFXXe9d3Xv///TTdK3JE1OOi9l5pZ8f5Aanz4On+fMOXPOnJnEkKXkWD52c5WfqSKvYtYfh2mZ99i4Sk4/8+FS2lB5D4y7jItuLvmbbSwNyRUvlyOD95iEkFH2cFnlPSJBpLq51CNzaShRd3E5ipxuQ+qRi8tY5HUbksciLn6Sn0Vc/BRx8VfExV8RF38pE/GMqXk94uKSMjEet5SJFyMuDrW4mGT0iEtHHS7xTDHi0paDSzwecWnLySWjR1xactnLfMSlJReXOF8uspHAkGGocqFvYxGHi7I6Vk/2qq2t+nF5Zqx2YfLpy5CF4aJsdG9P9KLk6bONhKEwH44oXFQyLLaq5ZrBuKAmChd3fYwAzUyOaQlWFC4Ghbk0Vc4xtBlRuKyWqLkgNMbOzwjCRckzwILQVozV+AXhUjhhwgWVKozmkiBc1Bk2XBCqsQEjCBfjmBUXlGeyCBaES2KLGZdSloXzFYSLyiIcNbWVYDAgMbgoG+ywmOGagYsRg0uhxpILytGPSAwu7t1gapXpUwIxuKyeMuXCwGDE4MIwHNmaofYwgnChzxpdSlJPJDG45NhiQYh6REJwYZQ1OnRCu+gVgou8w5oLdT+cEFwMymJdt45pHYwYXNhljU1R5wJCcGEdjhCqDoa9sMYyGFzYh6PB4MKqiDloXEKKmKWiHqZiseQu4AyE34XD0XqqR63E1/UWHepzDiJwSSRBLEM9y6IzbndQntKei8HhIqcnW3re9WGS/PSfARQxSxhYWnDGi/QJNQaX5+eLU00t/tz8uHh/qv3s/DnhGKCsUcLmYqGJn9HuPPbO5flicqStqfuNn7udRyPJOw+IhgCGo3kSLkMpaZNyg61nLvK5A0sLzH3no5HkbaKppEJFzAwJlqEVSZJeULnenrmk77gY2GB23Y9G1tIkQ/CcJXSLCMtQxuSin9GAIeZigvFiGblDxAUqYuK7XUupeYkWDDmX5NqdJBsuQDgqknFZl2wwO+Q+hpzLyFrXEx8uhdXQyhm0p6YTcRmSmsoTR6W+clEKhcPQkqJSAbjgrOo6yrS4bBPPpH5yUfKHxgmqhqQqctdtCA7FSbA03Is9kyZI67w9c5lcm/JoyebifOKKR0bCqKOTdBLV4LGpUDhaIeIyK7UNhjR/7J3L+XRH9+2/TJlYFncdj8/b01lR1HI1fYi20mNhtVajDnAhmkYrbSySTnpjC8Y86kSf5PRU6y+LS47HnXmUryTqaCxdRRc5VArhAhQxicJ0ZxqZXF4QZm1k/sU2lSYXP/+yWkUbFZR8UEZjk0m0AUaFVcBcyMKR5BCp5+0PF3MJezRZRfIhOp08hiMSWMQkCkdxJxdJKHsxf9mtB3WUr6D6ZBkdQmMDs8ZxAizNRV3bwZAtYfrEZcOcRHVUqaCtySP0DOICFjFJwtGKy1z0S7JI3R8u5gSqPzAdSw0dh9kLWMSkNhczFyCbSH3yL0l0uIpKZpA+mqyjGmTKrLPGjOTmQhiQ+sNFPa2nZ9DxA2thV0JZaABZtlmjx1zMpJosd+ydy6LjuJi5fmlqasnxuLN+MQzTZC5iCBlmuIbWnGAnJkER0x2MLHvpM5fnu7c7sj/v7rY/th47JoySryVOUdl0L2DPBesipuTlctbveeS0F1trd7xPXHmjmQocVTdkBC/rwHCEXcT0zqLr9i+2wusM6qr5a8PpEdiJiY1l3IvlmuNRj1xMXZTh/99gGY4yXVgknbCjrN9cYiH5CZQ14oajlW4sxAk1RX33fIlBfZdhOPLDcs35kYVlenraCwafC8Mipj+Wzb7n02teLOYyZs0FJrmEvVYAi5g4WWPKH4u0R7gl0DOXws9JD5auqZT8BTt3BTsxMbLGlHc9RxmOMPan07dHHAvepar1o2paTFsju/hjYFTEdJbo3FzA3IwJl5j8a3ttu/tb69NvnWe/EkREJkXM1MpsABZJIt1Zw+l/UeS2lK4PMpHBMihipoaCjEWi2EDi2y9FH45AKuTuhTMX2iJmagWiYnK5IB0ZXy5U4Sg1FO9KE1lNI95coCImMI1SqaHMfBgUmmnEmQvUiWmHI592VDM9jPfAxNYG8cj4coFuNymmUpl5j9bX12clXe8NirnYJW8M4ssF6sScHerRKAKlV8ibMrlygYuYwYu1/psLXy5gJyattdB0S3HmAhYxaanoNObClwt4nJzaXKiGxpVLGsoaac3lkupX4RuPAHOh5KLv0Z1A4skFzBqLdFw2KX8RnlzAcNTz4s1Xs3CPVrh4cgEPBtCZC/XlWzy5JKAiJpW10L/0i6u99Ccc6ZsX9Fe18eQCFTHJueh7MoOL2jhyATsxycPRDotr2nhyAbNGwnCk7zF6zSJHLmDrCxmV7Rqry4k5cjHYZo26tFcZiPt3wSImNpTtnRjL2895ziPoOHnvRExPtH02EWN8XT4/LmAnJhiOdGl209b29t7Zi5O8aqjMX7DAjwt5ODrbMFRLhmH+lAvM3x1giR8XMGuEsFwyWaCEiB8X0nBEWVjpURy5kBUx9ZDjkozEjwt0nBwKR+R7iDjiGKcBcwHC0eb1vNmXGxfSIiZ5iwLe8HhxAa9oBsI04bkZXHHjQljEpGjdwBI3LoRFTOIGS0zxsxfCIiZxZxie+PkXwFwgLtf0onleXAQPR9y4yIcAFyAckfb7m9Kacj/NZZdNZXMet8WLC/g+NcDtkt5DoWl/H7x8+PDhq9dv3nbQZJff/b7//uvX9/sfPi673vfCiwvYiQlwITt+pj16ebXQ0q3HBw0y2diTT8NzLX3+9nG58w1uXMiKmETHz7RHD00aDi1cvda0XHZ/eG7Yobnhr+/aR725cSEM0wSrF+31LReVBpmnXz67qDTIPLnb/JKI/gXKGvHDkfZHFxVLf/7UhcUi87VpMdzWL2rwepdtOHrsj2X03l8+XIbnPjXe+cKvzrB6MhMgwL1gZ41aEJbR0Xs/+YOxLYbnPqzqKyMGcMG9zUV76Ivl1qgtfzDfrLAkwn3Nbim14HmE28GtvfHHcq/B5V9+XIbnfs+JyKWwA/gXzHCkXfli+bOBJcDFDH8Wkot6FoxlFi8caa+hWWTJ32CeZAXkYmwHc8HMGkPMJdhghOSyGcwFLxyFeBfAw3zJicdFDsaCWcTUXoVNo9F7/ly+ZYXjouSBcIRXxAydRoET6dOycFwKl0A4wttTe+uL5da/HVxG/+PLZVgriMZFfhHMBTM7+jvUvQQ6mI/CcVHPArngupfv5Fx+yKJxCfYvOmbS2EM4Cg5IwnGJyRObs37axr3dXXs6SPZi5ZOyn1TsoT3y59KL330nnH9hKeJ49FnAdR07aY99ubjWL76lBhHXLwylvQxd7wYkjvvirXdZKtzxBi1flIHmEjqRAqeRgPk0Q4WuYIILdgPNJcxggirfyyLW65gKXsIELF4+KgPPRTsAZlLALPpgbZQMOBcwVvtj2be3YgedS2DR7l7A7lEDy+BzCdgUWLj6x3d/urVxP/hczLy6ay92YeGVpr3v7mf49KPV6OHhAt7d/v8qTTu4cjbALCz88VSLxZa/fJ1zoJmb++dDNtf6TuHSxaV+LYdYrl2a9v3VVbtd6uWjRr9Ubvnjfqthavjz+y/Luc431P+6uKABnEe2NE17+/3g4ODN05ij81DJ3o39+GDqy7u7TiqmnFhMLuXBNBhbPt2YppScJc9DdcfDBdUG0cPgqpB3YbG4oMo1dQ4LLDkfj3dxQWNp9XrOJgiqQuIy7scFVY/yRsKUfz/ToOviMjPuz6XVLprx/vNN0Ph4F5WIS5AiLv6KuPgr4uIv95nmiEtLbi7zvIcjitbdXPTIYGxlip67AXgPSBQhD5fI81rKlLxcUDECY84i1MUFlcZvOJnMvHUdi8/dI8XZGxyW5meLNoT/AeSZECtlfAt9AAAAAElFTkSuQmCC",Cool Bank,Mastercard
Amazon Business Prime American Express,amazon.com,https://www.alaskaair.com/content/credit-card/visa-signature,Super Bank,Mastercard
Amazon Business American Express,amazon.com,https://www.alaskaair.com/content/credit-card/visa-signature,Nice Bank,Mastercard
Delta SkyMiles Reserve Business American Express,delta.com,https://www.citi.com/CRD/images/citi-business-plat/citi-business-plat_222x140.png,American Express,American Express
Amex Plum Business,americanexpress.com,https://icm.aexp-static.com/Internet/Acquisition/US_en/AppContent/OneSite/category/cardarts/hilton-honors-surpass.png,American Express,American Express
Delta SkyMiles Blue American Express,delta.com,https://www.citi.com/CRD/images/citi-business-plat/citi-business-plat_222x140.png,American Express,American Express
Business Green Rewards Amex,americanexpress.com,https://cards.barclaycardus.com/content/dam/bcuspublic/card-plastic/card-angled/AA_card_Red_WE_Angle_359x246.png,Cool Bank,Visa
Delta SkyMiles Reserve Amex,delta.com,https://www.citi.com/CRD/images/citi-business-plat/citi-business-plat_222x140.png,American Express,American Express
Hilton Honors Amex Aspire,hilton.com,https://creditcards.chase.com/K-Marketplace/images/cardart/ink_cash_card.png,Super Bank,Visa
Amex Everyday Preferred,americanexpress.com,https://icm.aexp-static.com/Internet/Acquisition/US_en/AppContent/OneSite/category/cardarts/platinum-delta-skymiles.png,American Express,American Express
Marriott Bonvoy Brilliant American Express,marriott.com,https://creditcards.chase.com/K-Marketplace/images/cardart/marriott_bonvoy_bountiful_card.png,Cool Bank,American Express
American Express Green,americanexpress.com,https://icm.aexp-static.com/Internet/Acquisition/US_en/AppContent/OneSite/category/cardarts/gold-delta-skymiles.png,American Express,American Express
IHG Rewards Traveler,chase.com,https://creditcards.chase.com/K-Marketplace/images/cardart/ink_cash_card.png,Awesome Bank,Visa
Amazon Prime Rewards Visa Signature,amazon.com,https://www.alaskaair.com/content/credit-card/visa-signature,Super Bank,Mastercard
The World of Hyatt,hyatt.com,https://icm.aexp-static.com/Internet/Acquisition/US_en/AppContent/OneSite/open/category/cardarts/hilton-honors.png,Awesome Bank,Visa
Iberia Visa Signature,usa.visa.com,https://creditcards.chase.com/K-Marketplace/images/cardart/ink_cash_card.png,Super Bank,Visa
Marriott Bonvoy Bold,marriott.com,"https://www.nerdwallet.com/cdn-cgi/image/width=108,quality=85/cdn/images/marketplace/credit_cards/eee1cd24-387f-11ed-a790-cbbf5fec123d/a124759bcea3deed60f2c8363b58136fed71199116ab2bdd7f740fcaf36ac8ea.jpg",Super Bank,Visa
Aer Lingus Visa Signature,aerlingus.com,https://www.alaskaair.com/content/credit-card/visa-signature,Super Bank,Mastercard
British Airways Visa Signature,britishairways.com,https://cards.barclaycardus.com/content/dam/bcuspublic/card-plastic/card-angled/AA_card_Red_WE_Angle_359x246.png,Cool Bank,Visa
United Club Infinite,united.com,https://creditcards.chase.com/K-Marketplace/images/cardart/united_biz_card.png,Super Bank,Mastercard
TD Cash Secured,td.com,https://www.americanexpress.com/en-us/business/credit-cards/campaign/core/assets/card-art-business-platinum-1624478767.png,Cooler Bank,Visa
Citi,citi.com,https://www.citi.com/CRD/images/citi-premier/citi-premier_222x140.png,Citi,Mastercard
BankAmericard,bankofamerica.com,https://www.bankofamerica.com/content/images/ContextualSiteGraphics/CreditCardArt/en_US/Approved_PCM/8ckn_cshsigcm_v_250x158.png,Bank of America,Visa
Citi Diamond Preferred,citi.com,https://www.citi.com/CRD/images/citi-premier/citi-premier_222x140.png,Citi,Mastercard
PayPal Cashback MasterCard,mastercard.us,"data:image/png;base64,iVBORw0KGgoAAAANSUhEUgAAARcAAAC0CAMAAACJ8pgSAAABU1BMVEUVIEWXttv////G1ut5qNfnIiP5nxvR0tTyZSIAEz56fo6cu+FIWnsNGD8ACTgAADPV1tsAIEZypNXN3e8AAC0AADYABSzBwcOQkJF1dHWJkaG7y+Gzs7T/pBilweLuIiG5uryZmZuOsNgAFkYAGkYAEkczPl6ArNgAADmmpqgIFj+zyuYhLFDb5fLp7/e3xtwADkfxXyKgo67M0NheXF2nts1AR2MAACJuepRraWqXpb2vIS6XZjI1IEHHISmMYDT3jh3zbSFFID92ITlnbH+VmKR1eIm3vMfi5epHUW1dZX3Axc+orrsUGjZTUFCBkauDgoJ4hZ4pMlJFREosLDg4NTdeaoWUITOjITCKITZdIDwhIEMkKEJlSjqwdSx3VDc5MkDYIibYjCPolh5SRD22ISy/fijrQiL2iB6tcyzuUSL1fB88IEBSIT5IOT/fkSB5k7d7Qx9hAAALmklEQVR4nO2d/VvTyBbH2wkCAZI2TQMI8taWAoUWLVIBUfcKSEtxQXYXX1dFXXe9d3Xv///TTdK3JE1OOi9l5pZ8f5Aanz4On+fMOXPOnJnEkKXkWD52c5WfqSKvYtYfh2mZ99i4Sk4/8+FS2lB5D4y7jItuLvmbbSwNyRUvlyOD95iEkFH2cFnlPSJBpLq51CNzaShRd3E5ipxuQ+qRi8tY5HUbksciLn6Sn0Vc/BRx8VfExV8RF38pE/GMqXk94uKSMjEet5SJFyMuDrW4mGT0iEtHHS7xTDHi0paDSzwecWnLySWjR1xactnLfMSlJReXOF8uspHAkGGocqFvYxGHi7I6Vk/2qq2t+nF5Zqx2YfLpy5CF4aJsdG9P9KLk6bONhKEwH44oXFQyLLaq5ZrBuKAmChd3fYwAzUyOaQlWFC4Ghbk0Vc4xtBlRuKyWqLkgNMbOzwjCRckzwILQVozV+AXhUjhhwgWVKozmkiBc1Bk2XBCqsQEjCBfjmBUXlGeyCBaES2KLGZdSloXzFYSLyiIcNbWVYDAgMbgoG+ywmOGagYsRg0uhxpILytGPSAwu7t1gapXpUwIxuKyeMuXCwGDE4MIwHNmaofYwgnChzxpdSlJPJDG45NhiQYh6REJwYZQ1OnRCu+gVgou8w5oLdT+cEFwMymJdt45pHYwYXNhljU1R5wJCcGEdjhCqDoa9sMYyGFzYh6PB4MKqiDloXEKKmKWiHqZiseQu4AyE34XD0XqqR63E1/UWHepzDiJwSSRBLEM9y6IzbndQntKei8HhIqcnW3re9WGS/PSfARQxSxhYWnDGi/QJNQaX5+eLU00t/tz8uHh/qv3s/DnhGKCsUcLmYqGJn9HuPPbO5flicqStqfuNn7udRyPJOw+IhgCGo3kSLkMpaZNyg61nLvK5A0sLzH3no5HkbaKppEJFzAwJlqEVSZJeULnenrmk77gY2GB23Y9G1tIkQ/CcJXSLCMtQxuSin9GAIeZigvFiGblDxAUqYuK7XUupeYkWDDmX5NqdJBsuQDgqknFZl2wwO+Q+hpzLyFrXEx8uhdXQyhm0p6YTcRmSmsoTR6W+clEKhcPQkqJSAbjgrOo6yrS4bBPPpH5yUfKHxgmqhqQqctdtCA7FSbA03Is9kyZI67w9c5lcm/JoyebifOKKR0bCqKOTdBLV4LGpUDhaIeIyK7UNhjR/7J3L+XRH9+2/TJlYFncdj8/b01lR1HI1fYi20mNhtVajDnAhmkYrbSySTnpjC8Y86kSf5PRU6y+LS47HnXmUryTqaCxdRRc5VArhAhQxicJ0ZxqZXF4QZm1k/sU2lSYXP/+yWkUbFZR8UEZjk0m0AUaFVcBcyMKR5BCp5+0PF3MJezRZRfIhOp08hiMSWMQkCkdxJxdJKHsxf9mtB3WUr6D6ZBkdQmMDs8ZxAizNRV3bwZAtYfrEZcOcRHVUqaCtySP0DOICFjFJwtGKy1z0S7JI3R8u5gSqPzAdSw0dh9kLWMSkNhczFyCbSH3yL0l0uIpKZpA+mqyjGmTKrLPGjOTmQhiQ+sNFPa2nZ9DxA2thV0JZaABZtlmjx1zMpJosd+ydy6LjuJi5fmlqasnxuLN+MQzTZC5iCBlmuIbWnGAnJkER0x2MLHvpM5fnu7c7sj/v7rY/th47JoySryVOUdl0L2DPBesipuTlctbveeS0F1trd7xPXHmjmQocVTdkBC/rwHCEXcT0zqLr9i+2wusM6qr5a8PpEdiJiY1l3IvlmuNRj1xMXZTh/99gGY4yXVgknbCjrN9cYiH5CZQ14oajlW4sxAk1RX33fIlBfZdhOPLDcs35kYVlenraCwafC8Mipj+Wzb7n02teLOYyZs0FJrmEvVYAi5g4WWPKH4u0R7gl0DOXws9JD5auqZT8BTt3BTsxMbLGlHc9RxmOMPan07dHHAvepar1o2paTFsju/hjYFTEdJbo3FzA3IwJl5j8a3ttu/tb69NvnWe/EkREJkXM1MpsABZJIt1Zw+l/UeS2lK4PMpHBMihipoaCjEWi2EDi2y9FH45AKuTuhTMX2iJmagWiYnK5IB0ZXy5U4Sg1FO9KE1lNI95coCImMI1SqaHMfBgUmmnEmQvUiWmHI592VDM9jPfAxNYG8cj4coFuNymmUpl5j9bX12clXe8NirnYJW8M4ssF6sScHerRKAKlV8ibMrlygYuYwYu1/psLXy5gJyattdB0S3HmAhYxaanoNObClwt4nJzaXKiGxpVLGsoaac3lkupX4RuPAHOh5KLv0Z1A4skFzBqLdFw2KX8RnlzAcNTz4s1Xs3CPVrh4cgEPBtCZC/XlWzy5JKAiJpW10L/0i6u99Ccc6ZsX9Fe18eQCFTHJueh7MoOL2jhyATsxycPRDotr2nhyAbNGwnCk7zF6zSJHLmDrCxmV7Rqry4k5cjHYZo26tFcZiPt3wSImNpTtnRjL2895ziPoOHnvRExPtH02EWN8XT4/LmAnJhiOdGl209b29t7Zi5O8aqjMX7DAjwt5ODrbMFRLhmH+lAvM3x1giR8XMGuEsFwyWaCEiB8X0nBEWVjpURy5kBUx9ZDjkozEjwt0nBwKR+R7iDjiGKcBcwHC0eb1vNmXGxfSIiZ5iwLe8HhxAa9oBsI04bkZXHHjQljEpGjdwBI3LoRFTOIGS0zxsxfCIiZxZxie+PkXwFwgLtf0onleXAQPR9y4yIcAFyAckfb7m9Kacj/NZZdNZXMet8WLC/g+NcDtkt5DoWl/H7x8+PDhq9dv3nbQZJff/b7//uvX9/sfPi673vfCiwvYiQlwITt+pj16ebXQ0q3HBw0y2diTT8NzLX3+9nG58w1uXMiKmETHz7RHD00aDi1cvda0XHZ/eG7Yobnhr+/aR725cSEM0wSrF+31LReVBpmnXz67qDTIPLnb/JKI/gXKGvHDkfZHFxVLf/7UhcUi87VpMdzWL2rwepdtOHrsj2X03l8+XIbnPjXe+cKvzrB6MhMgwL1gZ41aEJbR0Xs/+YOxLYbnPqzqKyMGcMG9zUV76Ivl1qgtfzDfrLAkwn3Nbim14HmE28GtvfHHcq/B5V9+XIbnfs+JyKWwA/gXzHCkXfli+bOBJcDFDH8Wkot6FoxlFi8caa+hWWTJ32CeZAXkYmwHc8HMGkPMJdhghOSyGcwFLxyFeBfAw3zJicdFDsaCWcTUXoVNo9F7/ly+ZYXjouSBcIRXxAydRoET6dOycFwKl0A4wttTe+uL5da/HVxG/+PLZVgriMZFfhHMBTM7+jvUvQQ6mI/CcVHPArngupfv5Fx+yKJxCfYvOmbS2EM4Cg5IwnGJyRObs37axr3dXXs6SPZi5ZOyn1TsoT3y59KL330nnH9hKeJ49FnAdR07aY99ubjWL76lBhHXLwylvQxd7wYkjvvirXdZKtzxBi1flIHmEjqRAqeRgPk0Q4WuYIILdgPNJcxggirfyyLW65gKXsIELF4+KgPPRTsAZlLALPpgbZQMOBcwVvtj2be3YgedS2DR7l7A7lEDy+BzCdgUWLj6x3d/urVxP/hczLy6ay92YeGVpr3v7mf49KPV6OHhAt7d/v8qTTu4cjbALCz88VSLxZa/fJ1zoJmb++dDNtf6TuHSxaV+LYdYrl2a9v3VVbtd6uWjRr9Ubvnjfqthavjz+y/Luc431P+6uKABnEe2NE17+/3g4ODN05ij81DJ3o39+GDqy7u7TiqmnFhMLuXBNBhbPt2YppScJc9DdcfDBdUG0cPgqpB3YbG4oMo1dQ4LLDkfj3dxQWNp9XrOJgiqQuIy7scFVY/yRsKUfz/ToOviMjPuz6XVLprx/vNN0Ph4F5WIS5AiLv6KuPgr4uIv95nmiEtLbi7zvIcjitbdXPTIYGxlip67AXgPSBQhD5fI81rKlLxcUDECY84i1MUFlcZvOJnMvHUdi8/dI8XZGxyW5meLNoT/AeSZECtlfAt9AAAAAElFTkSuQmCC",Nice Bank,Mastercard
U.S. Bank Business Platinum,usbank.com,https://icm.aexp-static.com/Internet/Acquisition/US_en/AppContent/OneSite/open/category/cardarts/hilton-honors.png,U.S. Bank,Visa
U.S. Bank Business Leverage Visa Signature,usbank.com,https://icm.aexp-static.com/Internet/Acquisition/US_en/AppContent/OneSite/open/category/cardarts/hilton-honors.png,U.S. Bank,Visa
American Express Business Gold,americanexpress.com,https://icm.aexp-static.com/Internet/Acquisition/US_en/AppContent/OneSite/category/cardarts/gold-delta-skymiles.png,American Express,American Express
Capital One Savor Cash Rewards,capitalone.com,https://ecm.capitalone.com/WCM/card/products/miles_new_2021_optimized.png,Capital One,Mastercard
Southwest Rapid Rewards Plus,southwest.com,https://www.americanexpress.com/en-us/business/credit-cards/campaign/core/assets/card-art-business-platinum-1624478767.png,Super Bank,Visa
Business Advantage Travel Rewards World Mastercard,mastercard.us,https://cards.barclaycardus.com/content/dam/bcuspublic/card-plastic/card-angled/AA_card_Red_WE_Angle_359x246.png,Awesome Bank,Visa
Delta SkyMiles Platinum Business American Express,delta.com,https://www.citi.com/CRD/images/citi-business-plat/citi-business-plat_222x140.png,American Express,American Express
Delta SkyMiles Gold Business American Express,delta.com,https://www.citi.com/CRD/images/citi-business-plat/citi-business-plat_222x140.png,American Express,American Express
Cash Magnet,cashmagnetapp.com,https://ecm.capitalone.com/WCM/card/products/venture-card-art.png,Nice Bank,Visa
Marriott Bonvoy Boundless,marriott.com,"https://www.nerdwallet.com/cdn-cgi/image/width=108,quality=85/cdn/images/marketplace/credit_cards/eee1cd24-387f-11ed-a790-cbbf5fec123d/a124759bcea3deed60f2c8363b58136fed71199116ab2bdd7f740fcaf36ac8ea.jpg",Super Bank,Visa
IHG Rewards Premier,chase.com,https://creditcards.chase.com/K-Marketplace/images/cardart/ink_cash_card.png,Awesome Bank,Visa
TD Cash,td.com,https://www.americanexpress.com/en-us/business/credit-cards/campaign/core/assets/card-art-business-platinum-1624478767.png,Cooler Bank,Visa
Capital One Quicksilver Cash Rewards,capitalone.com,https://ecm.capitalone.com/WCM/card/products/miles_new_2021_optimized.png,Capital One,Mastercard
Citizens Cash Back Plus World Mastercard,citizensbank.com,https://www.citi.com/CRD/images/citi-business-plat/citi-business-plat_222x140.png,Citi,Mastercard
KeyBank Latitude,key.com,https://creditcards.chase.com/K-Marketplace/images/cardart/ink_unlimited_card.png,Awesome Bank,Visa
Citi Rewards+,citi.com,https://www.citi.com/CRD/images/citi-business-plat/citi-business-plat_222x140.png,Citi,Mastercard
Amex Everyday,americanexpress.com,https://icm.aexp-static.com/Internet/Acquisition/US_en/AppContent/OneSite/category/cardarts/platinum-delta-skymiles.png,American Express,American Express
U.S. Bank Visa Platinum,usbank.com,https://icm.aexp-static.com/Internet/Acquisition/US_en/AppContent/OneSite/open/category/cardarts/hilton-honors.png,U.S. Bank,Visa
Citizens Bank Clear Value,citizensbank.com,https://www.citi.com/CRD/images/citi-business-plat/citi-business-plat_222x140.png,Citi,Mastercard
Bank AmeriCard,bankofamerica.com,https://www.bankofamerica.com/content/images/ContextualSiteGraphics/CreditCardArt/en_US/Approved_PCM/8ckn_cshsigcm_v_250x158.png,Bank of America,Visa
Citi Simplicity,citi.com,https://www.citi.com/CRD/images/citi-business-plat/citi-business-plat_222x140.png,Citi,Mastercard
Southwest Rapid Rewards Priority,southwest.com,https://www.americanexpress.com/en-us/business/credit-cards/campaign/core/assets/card-art-business-platinum-1624478767.png,Nice Bank,Visa
Southwest Rapid Rewards Premier,southwest.com,https://www.americanexpress.com/en-us/business/credit-cards/campaign/core/assets/card-art-business-platinum-1624478767.png,Cool Bank,Visa
Costco Anywhere Visa by Citi,costco.com,https://www.citi.com/CRD/images/citi-business-plat/citi-business-plat_222x140.png,American Express,American Express
Bank Of America Customized Cash Rewards,bankofamerica.com,https://www.bankofamerica.com/content/images/ContextualSiteGraphics/CreditCardArt/en_US/Approved_PCM/8ckn_cshsigcm_v_250x158.png,Bank of America,Visa
The Business Platinum from American Express,americanexpress.com,https://www.americanexpress.com/en-us/business/credit-cards/campaign/core/assets/card-art-business-platinum-1624478767.png,Super Bank,American Express
The Platinum from American Express,americanexpress.com,https://icm.aexp-static.com/Internet/Acquisition/US_en/AppContent/OneSite/open/category/cardarts/hilton-honors.png,Cooler Bank,American Express
American Express Gold,americanexpress.com,https://icm.aexp-static.com/Internet/Acquisition/US_en/AppContent/OneSite/category/cardarts/gold-delta-skymiles.png,American Express,American Express
Blue Cash Preferred from American Express,americanexpress.com,https://cards.barclaycardus.com/content/dam/bcuspublic/card-plastic/card-angled/AA_card_Red_WE_Angle_359x246.png,Cool Bank,American Express
American Express Blue Business Cash,americanexpress.com,https://icm.aexp-static.com/Internet/Acquisition/US_en/AppContent/OneSite/category/cardarts/gold-delta-skymiles.png,American Express,American Express
The Blue Business Plus from American Express,americanexpress.com,https://www.americanexpress.com/en-us/business/credit-cards/campaign/core/assets/card-art-business-platinum-1624478767.png,Awesome Bank,American Express
Citi Double Cash ,citizensbank.com,https://www.citi.com/CRD/images/citi-premier/citi-premier_222x140.png,Citi,Mastercard
Capital One Platinum Secured,capitalone.com,https://ecm.capitalone.com/WCM/card/products/miles_new_2021_optimized.png,Capital One,Mastercard
Discover It Secured,discover.com,https://creditcards.chase.com/K-Marketplace/images/cardart/ink_cash_card.png,Discover,Discover
Blue Cash Everyday from American Express,americanexpress.com,https://cards.barclaycardus.com/content/dam/bcuspublic/card-plastic/card-angled/AA_card_Red_WE_Angle_359x246.png,Cool Bank,American Express
Capital One QuicksilverOne Cash Rewards,capitalone.com,https://ecm.capitalone.com/WCM/card/products/miles_new_2021_optimized.png,Capital One,Mastercard
Capital One Platinum,capitalone.com,https://ecm.capitalone.com/WCM/card/products/miles_new_2021_optimized.png,Capital One,Mastercard
Chase Freedom Unlimited,chase.com,https://creditcards.chase.com/K-Marketplace/images/cardart/sapphire_preferred_card.png,Chase,Visa
Discover It,discover.com,https://creditcards.chase.com/K-Marketplace/images/cardart/ink_cash_card.png,Discover,Discover
Journey Student Rewards from Capital One,capitalone.com,https://creditcards.chase.com/K-Marketplace/images/cardart/ink_unlimited_card.png,Nice Bank,Visa
Bank Of America Premium Rewards,bankofamerica.com,https://www.bankofamerica.com/content/images/ContextualSiteGraphics/CreditCardArt/en_US/Approved_PCM/8ckn_cshsigcm_v_250x158.png,Bank of America,Visa
Hawaiian Airlines Business,hawaiianairlines.com,https://creditcards.chase.com/K-Marketplace/images/cardart/ink_cash_card.png,Awesome Bank,Mastercard
Hawaiian Airlines,hawaiianairlines.com,https://creditcards.chase.com/K-Marketplace/images/cardart/ink_cash_card.png,Cool Bank,Mastercard
JetBlue Plus,jetblue.com,https://creditcards.chase.com/K-Marketplace/images/cardart/ink_unlimited_card.png,Awesome Bank,Visa
JetBlue Business,jetblue.com,https://creditcards.chase.com/K-Marketplace/images/cardart/ink_unlimited_card.png,Super Bank,Visa
Alaska Airline Business,alaskaair.com,https://www.alaskaair.com/content/credit-card/visa-signature,Cooler Bank,Mastercard
Alaska Airlines Visa Signature,alaskaair.com,https://www.alaskaair.com/content/credit-card/visa-signature,Cooler Bank,Mastercard
Citi ,citizensbank.com,https://www.citi.com/CRD/images/citi-premier/citi-premier_222x140.png,Citi,Mastercard
CitiBusiness ,citizensbank.com,https://www.citi.com/CRD/images/citi-business-plat/citi-business-plat_222x140.png,Citi,Mastercard
The Hilton Honors American Express Business,hilton.com,https://icm.aexp-static.com/Internet/Acquisition/US_en/AppContent/OneSite/open/category/cardarts/hilton-honors.png,Cool Bank,American Express
Amex Hilton Surpass,hilton.com,https://icm.aexp-static.com/Internet/Acquisition/US_en/AppContent/OneSite/category/cardarts/hilton-honors-surpass.png,American Express,American Express
Barclays AAdvantage Aviator Business,aa.com,https://cards.barclaycardus.com/content/dam/bcuspublic/card-plastic/card-angled/BA5_card_rRGB_Aviator_BC_WE_Angle_L.png,Awesome Bank,Visa
Barclays AAdvantage World Elite MasterCard,aa.com,https://cards.barclaycardus.com/content/dam/bcuspublic/card-plastic/card-angled/AA_card_Red_WE_Angle_359x246.png,Cooler Bank,Visa
American Express Platinum Delta,delta.com,https://icm.aexp-static.com/Internet/Acquisition/US_en/AppContent/OneSite/category/cardarts/platinum-delta-skymiles.png,American Express,American Express
American Express Gold Delta,delta.com,https://icm.aexp-static.com/Internet/Acquisition/US_en/AppContent/OneSite/category/cardarts/gold-delta-skymiles.png,American Express,American Express
Miles & More World Elite Mastercard,mastercard.us,https://cards.barclaycardus.com/content/dam/bcuspublic/card-plastic/card-angled/LFT_card_rCMY_Lufthansa_359x246_angled_L.png,Cool Bank,Mastercard
United Business,united.com,https://creditcards.chase.com/K-Marketplace/images/cardart/united_biz_card.png,Nice Bank,Mastercard
Capital One Venture Rewards,capitalone.com,https://ecm.capitalone.com/WCM/card/products/venture-card-art.png,Capital One,Mastercard
Capital One Spark Miles for Business,capitalone.com,https://ecm.capitalone.com/WCM/card/products/miles_new_2021_optimized.png,Capital One,Mastercard
Ink Business Unlimited,chase.com,https://creditcards.chase.com/K-Marketplace/images/cardart/ink_unlimited_card.png,Cool Bank,Visa
Ink Business Cash,chase.com,https://creditcards.chase.com/K-Marketplace/images/cardart/ink_cash_card.png,Cooler Bank,Visa
Citi Premier,citizensbank.com,https://www.citi.com/CRD/images/citi-premier/citi-premier_222x140.png,Citi,Mastercard
Chase Sapphire Reserve,chase.com,https://creditcards.chase.com/K-Marketplace/images/cardart/sapphire_preferred_card.png,Chase,Visa
United Explorer,united.com,https://creditcards.chase.com/travel-credit-cards/united/united-explorer,Super Bank,Mastercard
Chase Sapphire Preferred,chase.com,https://creditcards.chase.com/K-Marketplace/images/cardart/sapphire_preferred_card.png,Chase,Visa
Ink Business Preferred,chase.com,https://creditcards.chase.com/K-Marketplace/images/cardart/ink_preferred_card.png,Super Bank,Visa
